Section,Title
arts and recreation,"1977_Centennial_Cup"
arts and recreation,2008_World_Interuniversity_Games
arts and recreation,The_World_We_Know_(Ace_Enders_album)
arts and recreation,2027_FIFA_Women's_World_Cup_qualification_–_UEFA_League_A
arts and recreation,1994_NBA_playoffs
arts and recreation,Table_tennis_at_the_2008_Summer_Olympics_–_Women's_singles
arts and recreation,The_Natural_Son
arts and recreation,Harlem_Writers_Guild
arts and recreation,Danish_Women's_Basketball_Cup
arts and recreation,La_Romana_Men_(volleyball_club)
arts and recreation,Life_in_the_Snow
arts and recreation,1979_JSL_Cup
arts and recreation,Permanent_Green_Light
arts and recreation,1930_Toronto_Argonauts_season
arts and recreation,Pondicherry_women's_cricket_team
arts and recreation,1995–96_FIS_Ski_Flying_World_Cup
arts and recreation,Trouble_in_the_Jungle
arts and recreation,Mystery_at_Olympia
arts and recreation,2020_NC_State_Wolfpack_women's_soccer_team
arts and recreation,Basketball_at_the_2023_Pan_American_Games_–_Women's_3x3_tournament
arts and recreation,Barbados_Division_Two
arts and recreation,2016_European_Athletics_Championships_–_Women's_400_metres
arts and recreation,Hero_(Chad_Kroeger_song)
arts and recreation,Libya_national_football_team_results_(2020–present)
arts and recreation,El_Güegüense
arts and recreation,Mind_How_You_Go_(Skye_Edwards_album)
arts and recreation,"2016_Tour_de_France,_Stage_12_to_Stage_21"
arts and recreation,No_Thanks!_The_'70s_Punk_Rebellion
arts and recreation,Mobile_Suit_Gundam_SEED_Destiny
arts and recreation,My_Little_One_(1933_film)
arts and recreation,Festival_de_Ancón
arts and recreation,The_Teaser
arts and recreation,Best_Soccer_Player_ESPY_Award
arts and recreation,2007_Baltic_League_final
arts and recreation,The_Littlest_Outlaw
arts and recreation,Stardust_Award_for_Best_Supporting_Actress
arts and recreation,1990_European_Athletics_Indoor_Championships_–_Men's_400_metres
arts and recreation,Scottish_Cup_(rugby_union)
arts and recreation,Corruption_(1983_film)
arts and recreation,The_Affairs_of_Cellini
arts and recreation,Nomad_(British_band)
arts and recreation,G-Host
arts and recreation,1956_12_Hours_of_Reims
arts and recreation,Motoblot
arts and recreation,Ghost_in_the_Machine_(film)
arts and recreation,Rhino_Bucket
arts and recreation,"Classic_Nuts,_Vol._1"
arts and recreation,Castlemitchell_GAA
arts and recreation,Anthem_of_Vladimir_Oblast
arts and recreation,16_@_War
arts and recreation,1957_Lamar_Tech_Cardinals_football_team
arts and recreation,2020_Rolex_Paris_Masters_–_Singles
arts and recreation,The_Rej3ctz
arts and recreation,1999_TSFL_season
arts and recreation,Fat_White_Family
arts and recreation,Babu_(1975_film)
arts and recreation,Chicago_Film_Critics_Association_Award_for_Best_Original_Score
arts and recreation,2019_in_American_football
arts and recreation,Death_by_Magic
arts and recreation,Reggae_Blues
arts and recreation,2010–11_Northern_Colorado_Bears_men's_basketball_team
arts and recreation,PFL_Europe_1_(2024)
arts and recreation,Professional_Dreamer
arts and recreation,DMACK_World_Rally_Team
arts and recreation,The_Face_in_the_Watch
arts and recreation,Arch_of_Triumph_(1984_film)
arts and recreation,2020_Jackson_State_Tigers_football_team
arts and recreation,Shyam_Singha_Roy
arts and recreation,The_Hermiston_Herald
arts and recreation,Mrs._Parker_and_the_Vicious_Circle
arts and recreation,American_Life
arts and recreation,Hello_Tomorrow!
arts and recreation,Speaking_of_Sex
arts and recreation,Road_Home
arts and recreation,The_Rising_of_the_Shield_Hero_season_4
arts and recreation,Modern_pentathlon_at_the_1992_Summer_Olympics_–_Men's_team
arts and recreation,Izgubljen_u_vremenu
arts and recreation,Love_Is_a_Long_Road_(song)
arts and recreation,Miss_India_Worldwide_2009
arts and recreation,Snowed_In
arts and recreation,Favorite_Girl
arts and recreation,Pata_Pata
arts and recreation,National_Book_Critics_Circle_Award_for_Nonfiction
arts and recreation,2001_FIA_GT_Monza_500km
arts and recreation,Youth_Lightning_World_Championship
arts and recreation,Volume_2_(CKY_album)
arts and recreation,Gods_Zoo
arts and recreation,The_Insidious_Lie
arts and recreation,Budapest_Challenger
arts and recreation,Caught_Up_(Millie_Jackson_album)
arts and recreation,El_Dorado_(Aterciopelados_album)
arts and recreation,2023_World_Athletics_Championships_–_Men's_javelin_throw
arts and recreation,Ueda_Sōko-ryū
arts and recreation,The_Trouble_with_Angels_(Juice_Newton_album)
arts and recreation,Kill_All_Hippies
arts and recreation,Jireh
arts and recreation,Chambered
arts and recreation,Misunderstanding_of_a_Dream
arts and recreation,The_Lyre_of_Mesopotamia
arts and recreation,Chorale_setting
arts and recreation,Rats_(The_Kinks_song)
arts and recreation,2022–23_UEFA_Women's_Champions_League_group_stage
arts and recreation,Unida
arts and recreation,Image_of_a_Girl
arts and recreation,2018_Boyd_Gaming_300
arts and recreation,Paying_for_It
arts and recreation,1990–91_Lamar_Lady_Cardinals_basketball_team
arts and recreation,1933_Connecticut_State_Aggies_football_team
arts and recreation,Black_Light_(comics)
arts and recreation,Tennis_at_the_2017_SEA_Games
arts and recreation,Dark_Ronald
arts and recreation,Amazing-Man
arts and recreation,"1975–76_Australia_rugby_union_tour_of_Britain,_Ireland_and_the_United_States"
arts and recreation,The_Ellington_Suites
arts and recreation,1986_Grand_Prix_motorcycle_racing_season
arts and recreation,Aashiqui_Aa_Gayi
arts and recreation,2015–16_Cypriot_Second_Division
arts and recreation,Krogan
arts and recreation,1974_Japan_Series
arts and recreation,Betty_Blokk-buster_Follies
arts and recreation,2011_SAFF_Championship_squads
arts and recreation,A_Coven_of_Vampires
arts and recreation,Kind_of_Like_It's_Love
arts and recreation,DONT
arts and recreation,Bremen_Roosters
arts and recreation,Chance_of_Lovin'_You
arts and recreation,Casper_Skulls
arts and recreation,2004–05_UEFA_Futsal_Cup
arts and recreation,1985–86_Boston_Celtics_season
arts and recreation,DreamWeb
arts and recreation,Miss_Grand_Laos_2023
arts and recreation,2015–16_Mid-American_Conference_women's_basketball_season
arts and recreation,1968–69_Tweede_Divisie
arts and recreation,Gymnastics_at_the_1984_Summer_Olympics_–_Men's_artistic_individual_all-around
arts and recreation,The_Company_of_Chivalry
arts and recreation,Circus_Oz
arts and recreation,"Cultural_depictions_of_Conrad_II,_Holy_Roman_Emperor"
arts and recreation,Boccia_at_the_2010_Asian_Para_Games
arts and recreation,K._Bocholter_V.V.
arts and recreation,Belgium_Open
arts and recreation,Rock_cirkus
arts and recreation,Animal_Factory
arts and recreation,Telefunken_Blues
arts and recreation,Wax_&_Gold
arts and recreation,Deadgirl
arts and recreation,1924_Howard_Bulldogs_football_team
arts and recreation,1953_Isle_of_Man_TT
arts and recreation,Lance_Cade_and_Trevor_Murdoch
arts and recreation,1999_Eastern_Illinois_Panthers_football_team
arts and recreation,FC_Transimpeks_Vyshneve
arts and recreation,Caught_in_the_Middle_(Anastacia_song)
arts and recreation,2025_Kentuckiana_Ford_Dealers_ARCA_200
arts and recreation,Pieces_of_a_Dream_(Anastacia_album)
arts and recreation,1963_Florida_Gators_football_team
arts and recreation,"Other_Voices,_Other_Blues"
arts and recreation,2021_European_Badminton_Championships
arts and recreation,Ten_Thousand
arts and recreation,El_Otro_Cristóbal
arts and recreation,Best_Turn
arts and recreation,Raíz_(album)
arts and recreation,1974_Trofeo_Vat_69
arts and recreation,Requiem_(Killing_Joke_song)
arts and recreation,Al-Nasr_SC_(Dubai)
arts and recreation,Indian_National_Open_Athletics_Championships
arts and recreation,1931_The_Citadel_Bulldogs_football_team
arts and recreation,Monkey_Been_to_Burn_Town
arts and recreation,2022_Banja_Luka_Challenger_–_Doubles
arts and recreation,Angst_(1976_film)
arts and recreation,Who_Shot_Phil?
arts and recreation,Rhythm_&_Romance_(The_System_album)
arts and recreation,Tunisia_men's_national_handball_team
arts and recreation,Penny_reading
arts and recreation,2018_NFC_Championship_Game
arts and recreation,In_the_Wake_of_Separation
arts and recreation,Maigret_and_the_Toy_Village
arts and recreation,1982_World_Championship_Tennis_Winter_Finals
arts and recreation,1989_European_Baseball_Championship
arts and recreation,Austria_national_under-19_football_team
arts and recreation,All_Fired_Up_(Rattling_Sabres_song)
arts and recreation,El_Bingo_–_A_Collection_of_Latin_American_Favorites
arts and recreation,2013_Emperor's_Cup
arts and recreation,Potent
arts and recreation,Sitting_volleyball_at_the_Asian_Para_Games
arts and recreation,Reckoning_(The_Killing)
arts and recreation,1994_NCAA_Division_I_men's_lacrosse_tournament
arts and recreation,Insertion_aria
arts and recreation,2006–07_Iraqi_Premier_League
arts and recreation,2021_Georgetown_Hoyas_football_team
arts and recreation,2008–09_Phoenix_Coyotes_season
arts and recreation,Metro_Manila_Film_Festival
arts and recreation,Masters_of_the_World
arts and recreation,The_New_Toronto_3
arts and recreation,2014_UCI_Oceania_Tour
arts and recreation,2008_Nikon_Indy_300
biography,Dorothy_Drummond
biography,Humberto_Galea
biography,Hasib_Sabbagh
biography,Hava_Inbar
biography,Red_Brown_(basketball)
biography,Angélique_Paulet
biography,James_K._Weatherford
biography,Daniel_Baud-Bovy
biography,Jadwiga_Rappé
biography,José_Edmundo_Ramírez_Martínez
biography,Asmawi_Bakiri
biography,Taizan_Maezumi
biography,Florian_Steger
biography,Vladimir_Filippov_(footballer)
biography,Pål_Hansen
biography,John_Kostecki
biography,Megan_Oster
biography,Max_Gradel
biography,Shams_al-Nahar
biography,Taka_Takata
biography,Lewy_Pattinson
biography,Necati_Bilican
biography,Aeriel_Skinner
biography,Mohamed_Seha
biography,Lee_Hartman
biography,Gordon_Cooke
biography,John_Toner
biography,Doug_Carpenter_(rower)
biography,Brian_Hewat
biography,Martin_Conboy
biography,Benjamin_Wright_(composer)
biography,Salme_Peetson
biography,Tom_Harris_(football_manager)
biography,Liliana_Mercado
biography,Chuck_Essegian
biography,Buddy_Childers
biography,Oliwer_Kaski
biography,Mickey_Fisher_(politician)
biography,Jordan_Schmaltz
biography,Esquerdinha
biography,Liu_Shaomei
biography,Tom_Pittman_(computer_scientist)
biography,José_Santa_Cruz
biography,Passaglia
biography,Zhang_Weiying
biography,Catherine_Malfitano
biography,William_Stuart_(British_Army_officer)
biography,Manuel_Buchwald
biography,Juan_Ballester_Carmenates
biography,Garron_DuPree
biography,Ricardo_de_Souza
biography,Pierre-A._Brouillette
biography,Ana_Paula_de_Tassis
biography,Tản_Đà
biography,Hugh_Blair
biography,Hakewill
biography,Tatyana_Kuznetsova
biography,Inna_Bohoslovska
biography,Suneeta_Rao
biography,Joann_Yamazaki
biography,Christophe_Dechavanne
biography,Bryson_Burroughs
biography,Tom_Daemen
biography,"Yuri_Kuznetsov_(ice_hockey,_born_1965)"
biography,George_Eastman
biography,Ludvig_Oskar
biography,Aniekan
biography,Obie_Walker
biography,Joseph_Bloch
biography,Damon_Hill
biography,Vescovo
biography,Sanghani
biography,Julio_César_Domínguez
biography,Aleksandr_Nikulin_(judge)
biography,Viswanathan_Manikan
biography,David_Fitzsimons_(chess_player)
biography,Duminda_Wickramasinghe
biography,David_Johnston_(English_cricketer)
biography,Stein_Ove_Berg
biography,Bruno_Ramos_(politician)
biography,Hugo_Maradona
biography,C._J._Thomas
biography,Mijo_Kovačić
biography,Hines_Johnson
biography,Marisa_Allasio
biography,Ouazebas
biography,Ginocchio
biography,Ricardo_Blanco
biography,Jürgen_Schmieder
biography,Benjamin_Bradshaw
biography,Claes_Nyberg
biography,David_Fleurival
biography,Bob_Burns_(footballer)
biography,Alban_W._Purcell
biography,Jessica_Lurie
biography,Des_O'Connor
biography,Konstantin_Pyatnitsky
biography,Julia_Parsons
biography,Shasha
biography,Souheil_Ayoub
biography,William_Raymond
biography,Tyler_Locklear
biography,Marintia_Escobedo
biography,Charley_Barnes
biography,Wiktor_Długosz
biography,Charles_K._Smith
biography,Joy_Bisco
biography,Sarah_Inghelbrecht
biography,Abdallah_Shahat
biography,Henry_Casimir_I_of_Nassau-Dietz
biography,Bimalendra_Kumar
biography,Caroline_Fritze
biography,Rafa_Travalão
biography,Tiah_Delaney
biography,Robby_Stein
biography,Ernst_Freese
biography,Jesper_Svedberg_(musician)
biography,General_Ludlow
biography,Henry_Burritt
biography,Takiko_Mizunoe
biography,Mary_Louise_Wilson
biography,Jack_Hart_(politician)
biography,James_Mardall
biography,Thomas_Madden_(priest)
biography,Rory_Hayes
biography,Anna_Wang_Roe
biography,Garabed_Pashayan_Khan
biography,Héctor_Zumbado
biography,Ričardas_Panavas
biography,Ruslan_Platon
biography,Rubén_Castillo_(judge)
biography,Arkady_Ukupnik
biography,Daniel_Messinger
biography,Mads_Fenger
biography,Markeith_Cummings
biography,Ulrike_Schwerdtner
biography,Michael_Hogan_(Canadian_politician)
biography,Richard_Quine
biography,Sergio_Órteman
biography,Jimmy_Nilsen
biography,John_Senyonyi
biography,Nordwall
biography,Aeta_Lamb
biography,Flo_Oy_Wong
biography,Matthew_Porretta
biography,Markus_Tilly
biography,Haddy_Jallow
biography,Pauline_Fanning
biography,McLindon
biography,Frederik_Hviid
biography,Mary_Morello
biography,Iván_Velázquez_Caballero
biography,Brian_Brake
biography,Julio_César_García
biography,Renée_Tondelli
biography,Tali_Lennox
biography,Serge_Doroshov
biography,Maidie_Andrews
biography,Jim_Parsons_(politician)
biography,Emily_O'Reilly
biography,Aleksandr_Zolotarev_(athlete)
biography,Rob_Ogleby
biography,Salemme
biography,Peter_Flache
biography,Helen_Desha_Beamer
biography,Kamran_Khan_(footballer)
biography,Amala_Akkineni
biography,June_Miller
biography,Janette_Garin
biography,Henry_Hake
biography,John_Anthony_Castro
biography,Thomas_R._Ross
biography,Qu_Bo_(footballer)
biography,Jagannath_Rout
biography,Antoine_Redin
biography,Eugene_Goossen
biography,Rüdlin
biography,Moses_Ekpo
biography,Eric_T._Schultz
biography,Firmino_Bernardino
biography,Penisimani_Siolaa
biography,Steven_McElroy
biography,Linda_Gerard
biography,Stanisław_Koziej
biography,Arago
biography,Sergio_Romano_(futsal_player)
biography,Li_Ang_(footballer)
biography,Winfried_Baijens
biography,Paul_Cockburn
biography,George_Low
biography,Viola_Davis_(Georgia_politician)
biography,Johann_Vogel_(poet)
biography,Craig_Rivet
biography,Nicolas_Hartmann
biography,Richard_Randall
biography,Joseph_W._Ferman
biography,Bindeshwari_Dubey
biography,Gamm
biography,Princess_Maria_Josepha_of_Saxony_(1867–1944)
biography,Mihri_Hatun
biography,David_Skeel
biography,Guillermina_Naya
biography,Larry_Chance
biography,Ingmar_De_Poortere
biography,Soo_K._Chan
biography,Eoin_Larkin
biography,Mac's_Imp
biography,"Igor_Kachmazov_(footballer,_born_1962)"
biography,Billy_White_(basketball)
biography,Stevo
biography,Elsa_Canchaya
biography,William_N._Cogan
biography,Anthony_Maldonado_(singer)
biography,James_Ross_(Canadian_businessman)
biography,Kemp_Lewis
biography,William_Barclay_(jurist)
biography,Charles_de_La_Rounat
biography,Josephine_P._Everett
biography,V._Puththirasigamoney
biography,"André_Silva_(footballer,_born_2000)"
biography,Helga_Stene
biography,D'Sean_Mimbs
biography,Prang
biography,Lu_Guimeng
biography,DJ_Sley
biography,Mabel_Causarano
biography,Alice_Robinson_Boise_Wood
biography,Max_Naumann
biography,B._K._S._Varma
biography,Chistov
biography,Abdurakhmanov
biography,Jean-Martin_Moye
biography,Gesine_Reinert
biography,Harold_Baker_(photographer)
biography,Fang_Yi'ai
biography,William_Téchoueyres
biography,Felix_Perrault
biography,Frank_R._Galgano
biography,Betty_Nuovo
biography,Yaroslav_Plechiy
biography,Anthony_Rosaldo
biography,Satoshi_Mikami
biography,Jan_Đapo
biography,Chiappini
biography,Craig_McRae
biography,Michael_P._Price
biography,Jim_Davis_(Ohio_politician)
biography,Kwanthai_Sithmorseng
biography,Paul_Mason_(coastwatcher)
biography,Frank_Ballard
biography,Charles_Dunbar_(British_Army_officer)
biography,Felix_Ivo_Leicher
biography,Marinos_Khristopoulos
biography,Najiha_Alvi
biography,Jane_Alden_Stevens
biography,Peter_Wettergren
biography,Salvador_Monroy
biography,Louis_Persinger
biography,Enrica_Malcovati
biography,Nate_Cash
biography,Elle_van_den_Bogaart
biography,József_Deme
biography,William_Marsland
biography,Sun_Mengya
biography,Elinor_Hancock
biography,Mohamed_Nuur_Giriig
biography,J._Griffyth_Fairfax
biography,Nabil_Al_Fadl
biography,Chubby_Jackson
biography,Ali_Eisami
biography,Caroline_Peddle_Ball
biography,Omar_Fetmouche
biography,Vladislava_Evtushenko
biography,James_of_Viterbo
biography,Tabalus
biography,Joe_Wong
biography,Claus_Christiansen
biography,Ramūnas
biography,Renato_Álvarez
biography,David_Jimenez_(golfer)
biography,Pranab_Kumar_Gogoi
biography,César_Medina
biography,Jeff_Godwin
biography,Bollea
biography,Jonathan_Johnson_(American_football)
biography,Gichere_Gakungu
biography,Howard_Cross
biography,John_Lawlor_(trade_unionist)
biography,Kyros
biography,Leah_Levin
biography,Starks_(surname)
biography,Dave_R._Gould
biography,Ainė_Raupelytė
biography,Basanta_Singh_(wrestler)
biography,Romaine_Tenney
biography,Pip_Skid
biography,Paul_Jenkins_(barrister)
biography,Clarke_Kelly
biography,Bret_Baier
biography,Pedro_Paulino_de_Fonseca
biography,Abdul_Qadir_Jilani_(Pakistani_scholar)
biography,Alexis_Davis_(fighter)
biography,John_Heath_(footballer)
biography,Nuutti_Kaikkonen
biography,John_A._Hasecoster
biography,Dirk_Werner
biography,Boyle
biography,William_Cunningham_Blest
biography,Thomas_D._Schall
biography,Stuart_Ernest_Smith
biography,Abdulfattah_Owainat
biography,Antoni_Ramallets
biography,Yanina_Inkina
biography,Raza_Hasan
biography,Abd_al-Jalil_ibn_Wahbun
biography,John_Malcolm_Brinnin
biography,Anne_Craine
biography,Daphne_Pollard
biography,Jo_Ann_Rooney
biography,Apostolos_Armenakis
biography,Morty_Manford
biography,Wenanty_Fuhl
biography,Robert_Travers_(MP)
biography,Jarno_Tuunainen
biography,"Carolyn_Warmus"
food and agriculture,Kuttiattoor_Mango
food and agriculture,Maja_blanca
geography,Pennsylvania_Route_110
geography,Khotanan
geography,Selište_(Trstenik)
geography,Bayou_Wikoff
geography,Heathfield_Community_College
geography,Laveyron
geography,"Mirny,_Loktevsky_District,_Altai_Krai"
geography,Red_Bird_River_Petroglyphs
geography,"Księginice,_Lubin_County"
geography,"Ruthville,_North_Dakota"
geography,Burnside_on_Burnside
geography,Hundred_of_Kanmantoo
geography,Chinese_Peak_(Idaho)
geography,Reģi_Manor
geography,"Middleburg,_North_Carolina"
geography,Oum_Dreyga
geography,Šuica_(river)
geography,"Arachania,_Cerro_Largo"
geography,Nicolaus-Cusanus-Gymnasium_Bonn
geography,Berloi_Waterfall
geography,Harraga
geography,Kuh_Gaday
geography,Răstolița_(river)
geography,Capo_Colonna
geography,Collège_Saint-Alexandre_de_la_Gatineau
geography,"Crystal_Lake_(Benzie_County,_Michigan)"
geography,Wonsan_Agricultural_University
geography,Dr._A.O._Thomas_House
geography,"Transfiguration_Church,_Pyatigorsk"
geography,Kow_Ata
geography,Pundra_University_of_Science_and_Technology
geography,Marine_Midland_Bank
geography,"Embassy_of_the_United_Kingdom,_Buenos_Aires"
geography,Chirkey
geography,Narpatganj_(community_development_block)
geography,Rwubusisi
geography,In_the_Land_of_Arto
geography,River_Cree
geography,South_Eastern_Main_Line
geography,Cowan_Mountain
geography,Équihen-Plage
geography,Wolves_Wood
geography,Darchik
geography,Mund_and_Maire
geography,Minnesota_State_Highway_75
geography,"Bag,_Khash"
geography,"Paramount_Theatre_(Aurora,_Illinois)"
geography,Keelavaippar
geography,Belha_Devi_Temple
geography,"International_Tamil_Journalism_Library,_Trichy"
geography,Burra
geography,M-29_(Michigan_highway)
geography,Seftigen_District
geography,Baccagghju
geography,Onion_Lake_Cree_Nation
geography,Hilltop
geography,Interstate_90_in_Minnesota
geography,State_Bird_Provisions
geography,Aliabad-e_Vaziri
geography,Sunbreaker_Cove
geography,Korotnevo
geography,Istanbul_Arel_University
geography,Lordship_of_Schellenberg
geography,Hôpital_Paul-Brousse
geography,Heidenberg_Castle
geography,Salomvár
geography,Churcham
geography,Rockies_3
geography,R3_(Rodalies_de_Catalunya)
geography,Hetland_School
geography,Mount_Kurikoma
geography,"Laurel_Meadow_(Mechanicsville,_Virginia)"
geography,Nanchang_Xiangtang_Airport
geography,Mehal_Kalan_Assembly_constituency
geography,Santa_Fe_Place
geography,"Pungert,_Ivančna_Gorica"
geography,Ghatampur_Assembly_constituency
geography,"Elk_Mound_(town),_Wisconsin"
geography,"Fall_River,_Nova_Scotia"
geography,Full_Life_Christian_Centre
geography,Ryfylke_District_Court
geography,"Lancaster,_Massachusetts"
geography,Vacas
geography,Governorates_of_Syria
geography,Kampong_Tagap
geography,Monk's_Wall_nature_reserve
geography,Listed_buildings_in_Mobberley
geography,Kakisa_Lake
geography,PHW_Hochschule_Wirtschaft_Bern
geography,Medstead
geography,Papaleksi_(crater)
geography,Otterwisch
geography,"Frederick_Apartments_(Columbia,_Missouri)"
geography,Zdaljevac
geography,Guzmán_Family_Pantheon
geography,Widugiery
geography,Liddel_Castle
geography,"Franconia,_Arizona"
geography,Mastrafjord_Tunnel
geography,Kerwad_(H)
geography,Nolhivaranfaru
geography,Maitland_(House_of_Assembly_of_South_Africa_constituency)
geography,Hemimont_Plateau
geography,Sokhek
geography,Rippingale_railway_station
geography,Studenice
geography,Frances_Canyon_Ruin
geography,North_Ormesby
geography,Manalipa
geography,Citadel_2
geography,Azarcheh
geography,"Shahrestaneh,_Hamadan"
geography,"Pine_Creek_(Sauk_County,_Wisconsin)"
geography,Slit_Woods
geography,Podgredina
geography,"Kemalköy,_Edirne"
geography,Teatro_Dal_Verme
geography,Kunratice_u_Cvikova
geography,Arizona_Territory_capitals
geography,"Dibek,_Nusaybin"
geography,Kitami_Station_(Hokkaido)
geography,Hotel_Helvetia_&_Bristol
geography,L._D._M._Sweat_Memorial_Galleries
geography,University_of_Nueva_Caceres
geography,River_Waring
geography,Kirkdale_(ward)
geography,Selwyn_College_Preparatory_School
geography,"Woodward,_Texas"
geography,Piran_Dam
geography,St._Crispin's_Reef
geography,Bhojmahal
geography,"Buleleng,_Bali"
geography,Ferla
geography,"Majki,_Ostrołęka_County"
geography,Mangalagama
geography,De_Smet_Range
geography,"Sabzabad,_Hamadan"
geography,Chierry
geography,Kukherdharang_District
geography,Japanese_Language_School_of_Greater_Hartford
geography,Charles_S._and_Mary_McGill_House
geography,"Sarnowo,_West_Pomeranian_Voivodeship"
geography,The_Chocolate_Works
geography,Artuma_Fursi_Jilee
geography,Pszczew
geography,"Webster,_North_Carolina"
geography,Constituency_PSW-154
geography,Whitehall_Street_Retail_Historic_District
geography,Alsea_Bay_Historic_Interpretive_Center
geography,Lake_Lenore
geography,Godeshevo
geography,A._H._Parker_High_School
geography,"Fox_Theater_(Stevens_Point,_Wisconsin)"
geography,Strýčice
geography,Crewe_Arms_Hotel
geography,Setolu
geography,Ponzano_di_Fermo
geography,Torre_The_Point
geography,"Cortez,_Florida"
geography,Angoram
geography,"Sovetsky_District,_Khanty-Mansi_Autonomous_Okrug"
geography,Tyler/Vernon_station
geography,Kařez
geography,Mount_Güllük-Termessos_National_Park
geography,Pai_Northern_Thai_Kitchen
geography,Xaisomboun
geography,Camp_Dudley
geography,"Green_Lake_(Chisago_City,_Minnesota)"
geography,General_Mansilla
geography,Kulashi
geography,Portland_Hospital
geography,Humewood_Castle
geography,Sheshan_Golf_Club
geography,"Butler_House,_Kilkenny"
geography,Pacyna
geography,The_Five_Shires
geography,"Kosiorki,_Mońki_County"
geography,Listed_buildings_in_Lindale_and_Newton-in-Cartmel
geography,Andhra_Vidyalaya_College
geography,Tapsell_Foreland
geography,"Dajaos,_Bayamón,_Puerto_Rico"
geography,Altar_Valley_Elementary_School_District
geography,Chûn_Quoit
geography,Koni_Peninsula
geography,"St_John_Rigby_College,_Wigan"
geography,St._Anton_Pass
geography,Hammer_of_Thor_(monument)
geography,"Eagle,_Michigan"
geography,"Bevo_Mill,_St._Louis"
geography,Leaside_Aerodrome
geography,Hervik
geography,Ochey
geography,Collège_néerlandais
geography,"Frontierland,_Morecambe"
geography,Saint-Magne
geography,"Birmingham,_Alabama"
geography,Le_Ribay
geography,Nooranad
geography,Czaganiec
geography,Motor_Mile_Speedway
geography,Turkana_South_Constituency
geography,Mosque_No._25
geography,Velachery_Lake
geography,"Riverside,_Reynolds_County,_Missouri"
geography,Fife_and_Kinross_(Commonwealth_Parliament_constituency)
geography,Ramdhura
geography,Kadugawnawa
geography,Wolfratshausen
geography,Dobongsan
geography,San_Giovanni_d'Asso
geography,Ohio_State_Route_283
geography,"Sopota,_Litija"
geography,Hamyan
geography,Hele's_School
geography,Bradshaw_Town_Hall
geography,Gabrili
geography,Kaltenmühlbach
geography,Fardpur
geography,Tomiura_Station_(Chiba)
geography,"Thorndike,_Maine"
geography,Maple_Park_Historic_District
geography,Steinbrunn-le-Haut
geography,"Gilbertsville,_New_York"
geography,Climate_of_Paraguay
geography,Forbury_Hill
geography,Microscope_Gallery
geography,"Randolph_County,_West_Virginia"
history,2015_Dutch_island_council_elections
history,Wojsko_komputowe
history,Mitterrand–Pasqua_affair
history,Bisbee_massacre
history,Battle_on_Snowshoes_(1757)
history,Japan_Air_Lines_Flight_813
history,1972_Fijian_general_election
history,Siege_of_Zara_(1813)
history,Battle_of_Uedahara
history,Washington_Summit
history,1916_Louisiana_gubernatorial_election
history,Lapp_Codicil_of_1751
history,Sacramento_shooting
history,2014_Po_Toi_Island_ship_collision
history,1865_Gold_Fields_by-election
history,2024_Castle_Point_Borough_Council_election
history,Crimean_campaign_in_Hatuqay
history,Killing_of_Paul_Johnson
history,2024_Italian_local_elections
history,Nipah_virus_outbreaks_in_Kerala
history,2015_Three_Rivers_District_Council_election
history,2024_Borden-Kinkora_provincial_by-election
history,Battle_of_Placito
history,Monday_demonstrations_in_East_Germany
history,2003_Central_African_Republic_coup_d'état
history,2011_East_Hampshire_District_Council_election
history,Battle_of_Lonoy
history,History_of_the_Aztecs
language and literature,The_Man_Who_Was_Almost_a_Man
language and literature,On_a_Streetcar_Named_Success
language and literature,The_Memoirs_of_Li_Hung_Chang
language and literature,Core_Python_Programming
language and literature,The_Garden_That_Tilts
language and literature,Kamwe_language
language and literature,A_Tear_and_a_Smile
language and literature,Julia's_Kitchen_Wisdom
language and literature,The_Greyfriars'_Chronicle
language and literature,Kanite_language
language and literature,Aztec_(novel)
language and literature,On_Pain_(essay)
language and literature,Wanggamala
language and literature,China_Communications_(journal)
language and literature,Auchinleck_chronicle
language and literature,Buru_Quartet
language and literature,The_Sterile_Cuckoo_(novel)
measurements,482
measurements,ISO_3166-1_alpha-3
measurements,Samara_Time
philosophy,Philosophy_of_medicine
religion,Catholic_Church_in_Iraq
religion,Zoroastrian_festivals
religion,Presbyterian_Church_in_Liberia
religion,Nemty
religion,Pariacaca
religion,Wesleyan_Association
science,Interior_Schwarzschild_metric
science,Psychical_inertia
science,Spiroctenus_personatus
science,Combretum_quadrangulare
science,Mir-854_microRNA_precursor_family
science,Militocodon
science,White-plumed_antbird
science,Glaniopsis
science,Impedance_(accelerator_physics)
science,Cantherhines_dumerilii
science,Xanthoparmelia_denudata
science,Arnicastrum
science,Hyalea
science,Galeatus_affinis
science,Dermabacteraceae
science,Rollinia_ecuadorensis
science,Drosera_magnifica
science,Potamogeton_compressus
science,Englerodendron_usambarense
science,Biventer_lobule
science,Triosephosphate_isomerase
science,Perissomastix_pauliani
science,Leptopecten
science,AMG-517
science,Coleophora_molothrella
science,Losoxantrone
science,MYH8
science,11-Deoxycortisol
science,Doubly_stochastic_matrix
science,Holbrookia_maculata_perspicua
science,Tatobotys_vibrata
science,Deltochilum_scabriusculum
science,Turbonilla_syrtensis
science,Gabon_batis
science,Stenochilidae
science,Ochlochaete
science,Epsilon_Boötis
science,Palaeolyngbya
science,Aquila_in_Chinese_astronomy
science,Halobiotus
science,Alimentarius
science,Afrarchaea
science,Syzygium_erythrocalyx
science,Pinitol
science,Hamilton–Jacobi_equation
science,PSMB10
science,Artema
science,Lyxose
science,Azure_jay
science,Parasaissetia
science,Folk_theorem_(game_theory)
science,Cylinder_set
science,Dyscophellus
science,Graciliraptor
science,Laphria_ventralis
science,Lycomorphodes_epatra
science,Metashangrilaia
science,Hieracium
science,Heteronygmia_dissimilis
science,Fiscal_flycatcher
science,Solidago_lepida
science,Ophiacodontidae
science,Hakea_longiflora
science,Apomyrma
science,Mogollon_mountain_wolf
science,Wake-up_robot_problem
science,Strabismus_surgery
science,Colpoda_inflata
science,Haplogroup_E-P177
science,Podostictina
science,Master_theorem_(analysis_of_algorithms)
science,Chalciporus_rubinellus
science,Lignyodes_horridulus
science,Cryptosporium_minimum
science,Sinopia
science,Galactic_astronomy
science,Chlortoluron
science,Cinazepam
science,Good_Psychiatric_Management
science,Eristparcula
science,Microbrachius
science,Hydriris_aonisalis
science,Tuberculostearic_acid
science,Leuconitocris_pseudonigriceps
science,Parashorea_macrophylla
science,Elaphria_exesa
science,CYP2C18
science,Bisphosphate
science,Scutigera
social sciences,Enhanced_Background_Checks_Act
social sciences,GeenPeil
social sciences,Childhood_education
social sciences,Entrance_poll
social sciences,Gendarmerie_of_Haiti
social sciences,Project_for_Awesome
social sciences,Public_Policy_Institute_for_Wales
social sciences,Guantanamo_Bay_detention_camp_suicide_attempts
social sciences,Dewan_Negara_committees
social sciences,Coalition_for_TJ_v._Fairfax_County_School_Board
social sciences,43rd_General_Assembly_of_Nova_Scotia
social sciences,Visa_policy_of_South_Korea
social sciences,Autonomist_Movement
social sciences,Lao_Federation_of_Trade_Unions
social sciences,Torture_in_Turkey
social sciences,Speed_limits_in_Kazakhstan
social sciences,Protests_against_Hillary_Clinton
social sciences,Bangladesh_Red_Crescent_Society
social sciences,United_Nations_Security_Council_Resolution_139
social sciences,9th_Northwest_Territories_Legislative_Assembly
social sciences,Pacific_Coast_Women's_Press_Association
social sciences,Rodriguez_v._United_States
social sciences,Quebec_Stock_Savings_Plan
social sciences,User_pays
social sciences,Nepal_Terai_Congress
social sciences,Radiation_Effects_Research_Foundation
social sciences,German_Institute_for_Human_Rights
social sciences,Assaults_on_Emergency_Workers_(Offences)_Act_2018
social sciences,NHS_Orkney
social sciences,International_Gay_Bowling_Organization
social sciences,Federación_Mexicana_de_Charrería
social sciences,Healthcare_in_Lincolnshire
social sciences,Pakistan_Peoples_Muslim_League
social sciences,Double_empathy_problem
social sciences,International_Union_for_Physical_and_Engineering_Sciences_in_Medicine
social sciences,Human_sacrifice_in_Aztec_culture
social sciences,Hilton_v._Guyot
social sciences,Carthaginian_peace
technology,Autocommit
technology,HMS_Patia
technology,Honda_WR-V
technology,GMM_Tai_Hub
technology,Stocznia_Szczecin
technology,Powerslide
technology,545th_Test_Group
technology,Membrane_bioreactor
technology,Ergänzungs-Jagdgeschwader
technology,Jagdstaffel_7
technology,LinuxMCE
technology,Alvis_Speed_25
technology,French_ironclad_Bayard
technology,WLVF_(AM)
technology,Forth_(1826_ship)
technology,Document_1
technology,RaySearch_Laboratories
technology,KJQ
technology,Goibo
technology,Ring_main_unit
technology,Attenuation_distortion
technology,MV_Glenachulish
technology,Collection_item
technology,USS_Sterling
technology,TV_Festa
technology,Associated_Equipment_Company
technology,Spijker_V.2
technology,EKool
technology,Janus_(spacecraft)
technology,French_frigate_Primauguet
technology,WRBB
technology,Bartola_Musical_Instrument_Company
technology,Motor_Carrier
technology,Charlton_(1798_EIC_ship)
technology,OLO
technology,Centre_d'Instruction_des_Equipages_d'Hélicoptères_341_Colonel_Alexis_Santini
technology,Macchi_M.12
technology,Aussie_(shampoo)
technology,GPS_Block_IIF
technology,Pedal_Me
technology,Makeblock
technology,Write-only_memory
technology,Oskemen_Hydroelectric_Power_Plant
technology,Queensland_A10_Baldwin_class_locomotive
technology,USS_PCS-1450
technology,Conditional_short-circuit_current
technology,ATR
technology,STL-1A
technology,TAHC
technology,Internal_focusing
technology,Smart_File_System
technology,PERDaix
technology,Neel_Trimarans
technology,Avbob
technology,Revelation_Records_(jazz)
technology,Secret_City_Records
technology,French_ship_Bucentaure_(1803)
technology,Rotana_Mousica
technology,Amalka_Supercomputing_facility
technology,IKON_Philippines
technology,Oliver_500
technology,Kuha-class_minesweeper
technology,Clover_Network
technology,Monroe_(automobile)
technology,BMW_Z8
technology,UZ_Class_675
technology,SK_Planet
technology,CalAmp
technology,Ads.txt
