http://dbpedia.org/resource/Honda_WR-V,http://dbpedia.org/ontology/bodyStyle,http://dbpedia.org/resource/SUV
http://dbpedia.org/resource/Honda_WR-V,http://dbpedia.org/ontology/class,http://dbpedia.org/resource/Subcompact_crossover_SUV
http://dbpedia.org/resource/Honda_WR-V,http://dbpedia.org/ontology/layout,"http://dbpedia.org/resource/Front-engine,_front-wheel-drive_layout"
http://dbpedia.org/resource/Honda_WR-V,http://dbpedia.org/ontology/manufacturer,http://dbpedia.org/resource/Honda
http://dbpedia.org/resource/Honda_WR-V,http://dbpedia.org/ontology/predecessor,http://dbpedia.org/resource/Honda_Fit_(second_generation)
http://dbpedia.org/resource/Honda_WR-V,http://dbpedia.org/ontology/productionStartYear,2017
http://dbpedia.org/resource/Honda_HR-V__Second_generation__1,http://dbpedia.org/ontology/relatedMeanOfTransportation,http://dbpedia.org/resource/Honda_WR-V
http://dbpedia.org/resource/Honda_Fit__Third_generation__1,http://dbpedia.org/ontology/relatedMeanOfTransportation,http://dbpedia.org/resource/Honda_WR-V
http://dbpedia.org/resource/Honda_BR-V__Second_generation__1,http://dbpedia.org/ontology/relatedMeanOfTransportation,http://dbpedia.org/resource/Honda_WR-V
http://dbpedia.org/resource/Honda_Amaze__Second_generation__1,http://dbpedia.org/ontology/relatedMeanOfTransportation,http://dbpedia.org/resource/Honda_WR-V
http://dbpedia.org/resource/Honda_City__Sixth_generation__1,http://dbpedia.org/ontology/relatedMeanOfTransportation,http://dbpedia.org/resource/Honda_WR-V
http://dbpedia.org/resource/Honda_WR-V__First_generation__1,http://dbpedia.org/ontology/variantOf,http://dbpedia.org/resource/Honda_WR-V
http://dbpedia.org/resource/Honda_WR-V__Second_generation__1,http://dbpedia.org/ontology/variantOf,http://dbpedia.org/resource/Honda_WR-V
http://dbpedia.org/resource/GMM_Tai_Hub,http://dbpedia.org/ontology/location,http://dbpedia.org/resource/Bangkok
http://dbpedia.org/resource/GMM_Tai_Hub,http://dbpedia.org/ontology/dissolutionDate,2015-12-31
http://dbpedia.org/resource/GMM_Tai_Hub,http://dbpedia.org/ontology/foundingYear,2003
http://dbpedia.org/resource/GMM_Tai_Hub,http://dbpedia.org/ontology/industry,http://dbpedia.org/resource/Film
http://dbpedia.org/resource/GMM_Tai_Hub,http://dbpedia.org/ontology/keyPerson,http://dbpedia.org/resource/Jira_Maligool
http://dbpedia.org/resource/GMM_Tai_Hub,http://dbpedia.org/ontology/parentCompany,http://dbpedia.org/resource/GMM_Grammy
http://dbpedia.org/resource/GMM_Tai_Hub,http://dbpedia.org/ontology/product,http://dbpedia.org/resource/Television_show
http://dbpedia.org/resource/GMM_Tai_Hub,http://dbpedia.org/ontology/successor,http://dbpedia.org/resource/GDH_559
http://dbpedia.org/resource/Hormones:_The_Series,http://dbpedia.org/ontology/company,http://dbpedia.org/resource/GMM_Tai_Hub
http://dbpedia.org/resource/Stay_(miniseries),http://dbpedia.org/ontology/creator,http://dbpedia.org/resource/GMM_Tai_Hub
http://dbpedia.org/resource/Thirteen_Terrors,http://dbpedia.org/ontology/creator,http://dbpedia.org/resource/GMM_Tai_Hub
http://dbpedia.org/resource/Thirteen_Terrors,http://dbpedia.org/ontology/developer,http://dbpedia.org/resource/GMM_Tai_Hub
http://dbpedia.org/resource/Lucky_Loser_(2006_film),http://dbpedia.org/ontology/distributor,http://dbpedia.org/resource/GMM_Tai_Hub
http://dbpedia.org/resource/Sai_Lor_Fah,http://dbpedia.org/ontology/distributor,http://dbpedia.org/resource/GMM_Tai_Hub
http://dbpedia.org/resource/Shutter_(2004_film),http://dbpedia.org/ontology/distributor,http://dbpedia.org/resource/GMM_Tai_Hub
http://dbpedia.org/resource/Phobia_2,http://dbpedia.org/ontology/distributor,http://dbpedia.org/resource/GMM_Tai_Hub
http://dbpedia.org/resource/4bia,http://dbpedia.org/ontology/distributor,http://dbpedia.org/resource/GMM_Tai_Hub
http://dbpedia.org/resource/Final_Score_(2007_film),http://dbpedia.org/ontology/distributor,http://dbpedia.org/resource/GMM_Tai_Hub
http://dbpedia.org/resource/Hello_Stranger_(2010_film),http://dbpedia.org/ontology/distributor,http://dbpedia.org/resource/GMM_Tai_Hub
http://dbpedia.org/resource/Countdown_(2012_film),http://dbpedia.org/ontology/distributor,http://dbpedia.org/resource/GMM_Tai_Hub
http://dbpedia.org/resource/See_How_They_Run_(2006_film),http://dbpedia.org/ontology/distributor,http://dbpedia.org/resource/GMM_Tai_Hub
http://dbpedia.org/resource/Alone_(2007_film),http://dbpedia.org/ontology/distributor,http://dbpedia.org/resource/GMM_Tai_Hub
http://dbpedia.org/resource/Seven_Something,http://dbpedia.org/ontology/distributor,http://dbpedia.org/resource/GMM_Tai_Hub
http://dbpedia.org/resource/Body_(2007_film),http://dbpedia.org/ontology/distributor,http://dbpedia.org/resource/GMM_Tai_Hub
http://dbpedia.org/resource/Handle_Me_with_Care,http://dbpedia.org/ontology/distributor,http://dbpedia.org/resource/GMM_Tai_Hub
http://dbpedia.org/resource/May_Who%3F,http://dbpedia.org/ontology/distributor,http://dbpedia.org/resource/GMM_Tai_Hub
http://dbpedia.org/resource/The_Little_Comedian,http://dbpedia.org/ontology/distributor,http://dbpedia.org/resource/GMM_Tai_Hub
http://dbpedia.org/resource/Seasons_Change_(film),http://dbpedia.org/ontology/distributor,http://dbpedia.org/resource/GMM_Tai_Hub
http://dbpedia.org/resource/The_Billionaire,http://dbpedia.org/ontology/distributor,http://dbpedia.org/resource/GMM_Tai_Hub
http://dbpedia.org/resource/The_Tin_Mine,http://dbpedia.org/ontology/distributor,http://dbpedia.org/resource/GMM_Tai_Hub
http://dbpedia.org/resource/Hormones_(film),http://dbpedia.org/ontology/distributor,http://dbpedia.org/resource/GMM_Tai_Hub
http://dbpedia.org/resource/Coming_Soon_(2008_film),http://dbpedia.org/ontology/distributor,http://dbpedia.org/resource/GMM_Tai_Hub
http://dbpedia.org/resource/Kung_Fu_Tootsie,http://dbpedia.org/ontology/distributor,http://dbpedia.org/resource/GMM_Tai_Hub
"http://dbpedia.org/resource/Mary_Is_Happy,_Mary_Is_Happy",http://dbpedia.org/ontology/distributor,http://dbpedia.org/resource/GMM_Tai_Hub
http://dbpedia.org/resource/Pee_Mak,http://dbpedia.org/ontology/distributor,http://dbpedia.org/resource/GMM_Tai_Hub
http://dbpedia.org/resource/Dorm_(film),http://dbpedia.org/ontology/distributor,http://dbpedia.org/resource/GMM_Tai_Hub
http://dbpedia.org/resource/Bangkok_Traffic_(Love)_Story,http://dbpedia.org/ontology/distributor,http://dbpedia.org/resource/GMM_Tai_Hub
http://dbpedia.org/resource/Heart_Attack_(2015_film),http://dbpedia.org/ontology/distributor,http://dbpedia.org/resource/GMM_Tai_Hub
http://dbpedia.org/resource/GDH_559,http://dbpedia.org/ontology/predecessor,http://dbpedia.org/resource/GMM_Tai_Hub
http://dbpedia.org/resource/SuckSeed,http://dbpedia.org/ontology/productionCompany,http://dbpedia.org/resource/GMM_Tai_Hub
http://dbpedia.org/resource/4bia,http://dbpedia.org/ontology/productionCompany,http://dbpedia.org/resource/GMM_Tai_Hub
http://dbpedia.org/resource/ATM:_Er_Rak_Error,http://dbpedia.org/ontology/productionCompany,http://dbpedia.org/resource/GMM_Tai_Hub
http://dbpedia.org/resource/Seven_Something,http://dbpedia.org/ontology/productionCompany,http://dbpedia.org/resource/GMM_Tai_Hub
http://dbpedia.org/resource/Best_of_Times_(2009_film),http://dbpedia.org/ontology/productionCompany,http://dbpedia.org/resource/GMM_Tai_Hub
http://dbpedia.org/resource/Pee_Mak,http://dbpedia.org/ontology/productionCompany,http://dbpedia.org/resource/GMM_Tai_Hub
http://dbpedia.org/resource/Marcin_Wika,http://dbpedia.org/ontology/team,http://dbpedia.org/resource/Stocznia_Szczecin
http://dbpedia.org/resource/545th_Test_Group,http://dbpedia.org/ontology/activeYearsEndYear,1944
http://dbpedia.org/resource/545th_Test_Group,http://dbpedia.org/ontology/activeYearsStartYear,1942
http://dbpedia.org/resource/545th_Test_Group,http://dbpedia.org/ontology/country,http://dbpedia.org/resource/United_States
http://dbpedia.org/resource/545th_Test_Group,http://dbpedia.org/ontology/identificationSymbol,165px
http://dbpedia.org/resource/545th_Test_Group,http://dbpedia.org/ontology/role,Test operations
http://dbpedia.org/resource/Ergänzungs-Jagdgeschwader,http://dbpedia.org/ontology/country,http://dbpedia.org/resource/Nazi_Germany
http://dbpedia.org/resource/Ergänzungs-Jagdgeschwader,http://dbpedia.org/ontology/militaryBranch,http://dbpedia.org/resource/Luftwaffe
http://dbpedia.org/resource/Robert_Olejnik_(pilot),http://dbpedia.org/ontology/militaryUnit,http://dbpedia.org/resource/Ergänzungs-Jagdgeschwader
http://dbpedia.org/resource/Heinrich_Bär,http://dbpedia.org/ontology/militaryUnit,http://dbpedia.org/resource/Ergänzungs-Jagdgeschwader
http://dbpedia.org/resource/List_of_Knight's_Cross_of_the_Iron_Cross_recipients_(F),http://dbpedia.org/ontology/militaryUnit,http://dbpedia.org/resource/Ergänzungs-Jagdgeschwader
http://dbpedia.org/resource/Gerhard_Koall,http://dbpedia.org/ontology/militaryUnit,http://dbpedia.org/resource/Ergänzungs-Jagdgeschwader
http://dbpedia.org/resource/Lutz-Wilhelm_Burckhardt,http://dbpedia.org/ontology/militaryUnit,http://dbpedia.org/resource/Ergänzungs-Jagdgeschwader
http://dbpedia.org/resource/Rudolf_Rademacher,http://dbpedia.org/ontology/militaryUnit,http://dbpedia.org/resource/Ergänzungs-Jagdgeschwader
http://dbpedia.org/resource/Adolf_Glunz,http://dbpedia.org/ontology/militaryUnit,http://dbpedia.org/resource/Ergänzungs-Jagdgeschwader
http://dbpedia.org/resource/Erich_Hohagen,http://dbpedia.org/ontology/militaryUnit,http://dbpedia.org/resource/Ergänzungs-Jagdgeschwader
http://dbpedia.org/resource/Walther_Dahl,http://dbpedia.org/ontology/militaryUnit,http://dbpedia.org/resource/Ergänzungs-Jagdgeschwader
http://dbpedia.org/resource/Hans-Ekkehard_Bob,http://dbpedia.org/ontology/militaryUnit,http://dbpedia.org/resource/Ergänzungs-Jagdgeschwader
http://dbpedia.org/resource/Wilhelm_Mink_(pilot),http://dbpedia.org/ontology/militaryUnit,http://dbpedia.org/resource/Ergänzungs-Jagdgeschwader
http://dbpedia.org/resource/Jagdstaffel_7,http://dbpedia.org/ontology/activeYearsEndYear,1918
http://dbpedia.org/resource/Jagdstaffel_7,http://dbpedia.org/ontology/activeYearsStartYear,1916
http://dbpedia.org/resource/Jagdstaffel_7,http://dbpedia.org/ontology/battle,http://dbpedia.org/resource/World_War_I
http://dbpedia.org/resource/Jagdstaffel_7,http://dbpedia.org/ontology/country,http://dbpedia.org/resource/German_Empire
http://dbpedia.org/resource/Jagdstaffel_7,http://dbpedia.org/ontology/militaryBranch,http://dbpedia.org/resource/Luftstreitkräfte
http://dbpedia.org/resource/Josef_Jacobs,http://dbpedia.org/ontology/militaryUnit,http://dbpedia.org/resource/Jagdstaffel_7
http://dbpedia.org/resource/Paul_Hüttenrauch,http://dbpedia.org/ontology/militaryUnit,http://dbpedia.org/resource/Jagdstaffel_7
http://dbpedia.org/resource/Carl_Degelow,http://dbpedia.org/ontology/militaryUnit,http://dbpedia.org/resource/Jagdstaffel_7
http://dbpedia.org/resource/Paul_Billik,http://dbpedia.org/ontology/militaryUnit,http://dbpedia.org/resource/Jagdstaffel_7
http://dbpedia.org/resource/Georg_Meyer_(aviator),http://dbpedia.org/ontology/militaryUnit,http://dbpedia.org/resource/Jagdstaffel_7
http://dbpedia.org/resource/Otto_Schmidt_(aviator),http://dbpedia.org/ontology/militaryUnit,http://dbpedia.org/resource/Jagdstaffel_7
http://dbpedia.org/resource/Friedrich_Manschott,http://dbpedia.org/ontology/militaryUnit,http://dbpedia.org/resource/Jagdstaffel_7
http://dbpedia.org/resource/LinuxMCE,http://dbpedia.org/ontology/computingPlatform,http://dbpedia.org/resource/Linux
http://dbpedia.org/resource/LinuxMCE,http://dbpedia.org/ontology/genre,http://dbpedia.org/resource/Telephony
http://dbpedia.org/resource/LinuxMCE,http://dbpedia.org/ontology/genre,http://dbpedia.org/resource/Home_automation
http://dbpedia.org/resource/LinuxMCE,http://dbpedia.org/ontology/genre,http://dbpedia.org/resource/Home_theater_PC
http://dbpedia.org/resource/LinuxMCE,http://dbpedia.org/ontology/latestReleaseDate,2013-02-23
http://dbpedia.org/resource/LinuxMCE,http://dbpedia.org/ontology/latestReleaseVersion,1004 Final
http://dbpedia.org/resource/LinuxMCE,http://dbpedia.org/ontology/operatingSystem,http://dbpedia.org/resource/Kubuntu
http://dbpedia.org/resource/LinuxMCE,http://dbpedia.org/ontology/programmingLanguage,http://dbpedia.org/resource/C++
http://dbpedia.org/resource/LinuxMCE,http://dbpedia.org/ontology/programmingLanguage,http://dbpedia.org/resource/C_(programming_language)
http://dbpedia.org/resource/Alvis_Speed_25,http://dbpedia.org/ontology/Automobile/wheelbase,1422.4
http://dbpedia.org/resource/Alvis_Speed_25,http://dbpedia.org/ontology/MeanOfTransportation/length,4851.4
http://dbpedia.org/resource/Alvis_Speed_25,http://dbpedia.org/ontology/MeanOfTransportation/weight,1879.7184
http://dbpedia.org/resource/Alvis_Speed_25,http://dbpedia.org/ontology/MeanOfTransportation/width,1778.0
http://dbpedia.org/resource/Alvis_Speed_25,http://dbpedia.org/ontology/class,http://dbpedia.org/resource/Full-size_car
http://dbpedia.org/resource/Alvis_Speed_25,http://dbpedia.org/ontology/engine,http://dbpedia.org/resource/Alvis_Speed_25__AutomobileEngine__1
http://dbpedia.org/resource/Alvis_Speed_25,http://dbpedia.org/ontology/engine,http://dbpedia.org/resource/Straight-six_engine
http://dbpedia.org/resource/Alvis_Speed_25,http://dbpedia.org/ontology/length,4.8514
http://dbpedia.org/resource/Alvis_Speed_25,http://dbpedia.org/ontology/manufacturer,http://dbpedia.org/resource/Alvis_Car_and_Engineering_Company
http://dbpedia.org/resource/Alvis_Speed_25,http://dbpedia.org/ontology/modelEndYear,1940
http://dbpedia.org/resource/Alvis_Speed_25,http://dbpedia.org/ontology/modelStartYear,1937
http://dbpedia.org/resource/Alvis_Speed_25,http://dbpedia.org/ontology/productionEndYear,0198
http://dbpedia.org/resource/Alvis_Speed_25,http://dbpedia.org/ontology/productionStartYear,0198
http://dbpedia.org/resource/Alvis_Speed_25,http://dbpedia.org/ontology/transmission,"with metal joints (arranged in a straight line), spiral bevel fully floating back axle"
http://dbpedia.org/resource/Alvis_Speed_25,http://dbpedia.org/ontology/transmission,"single plate clutch, separate 4-speed gearbox all-silent and all-synchromesh, centre change lever, open tubular propeller shaft"
http://dbpedia.org/resource/Alvis_Speed_25,http://dbpedia.org/ontology/weight,1879718.4
http://dbpedia.org/resource/Alvis_Speed_25,http://dbpedia.org/ontology/wheelbase,1.4224
http://dbpedia.org/resource/Alvis_Speed_25,http://dbpedia.org/ontology/width,1.778
http://dbpedia.org/resource/Alvis_Speed_20,http://dbpedia.org/ontology/successor,http://dbpedia.org/resource/Alvis_Speed_25
"http://dbpedia.org/resource/Alvis_Speed_25__3,5-litre__1",http://dbpedia.org/ontology/variantOf,http://dbpedia.org/resource/Alvis_Speed_25
http://dbpedia.org/resource/French_ironclad_Bayard,http://dbpedia.org/ontology/builder,"http://dbpedia.org/resource/Brest,_France"
http://dbpedia.org/resource/French_ironclad_Bayard,http://dbpedia.org/ontology/layingDown,1876-09-19
http://dbpedia.org/resource/French_ironclad_Bayard,http://dbpedia.org/ontology/powerType,http://dbpedia.org/resource/Fire-tube_boiler
http://dbpedia.org/resource/French_ironclad_Bayard,http://dbpedia.org/ontology/shipLaunch,1880-03-27
http://dbpedia.org/resource/French_ironclad_Bayard,http://dbpedia.org/ontology/status,Broken up in 1910
http://dbpedia.org/resource/French_ironclad_Bayard,http://dbpedia.org/ontology/topSpeed,25.928
http://dbpedia.org/resource/WLVF_(AM),http://dbpedia.org/ontology/city,"http://dbpedia.org/resource/Haines_City,_Florida"
http://dbpedia.org/resource/WLVF_(AM),http://dbpedia.org/ontology/city,http://dbpedia.org/resource/Florida
http://dbpedia.org/resource/WLVF_(AM),http://dbpedia.org/ontology/frequency,930000.0
http://dbpedia.org/resource/WLVF_(AM),http://dbpedia.org/ontology/licensee,"Landmark Baptist Church, Inc."
http://dbpedia.org/resource/WLVF_(AM),http://dbpedia.org/ontology/formerCallsign,WFXI (1979–1984)
http://dbpedia.org/resource/WLVF_(AM),http://dbpedia.org/ontology/formerCallsign,WHAN (1960–1979)
http://dbpedia.org/resource/WLVF_(AM),http://dbpedia.org/ontology/formerCallsign,WTHN (1984–1986)
http://dbpedia.org/resource/WLVF_(AM),http://dbpedia.org/ontology/programmeFormat,http://dbpedia.org/resource/Southern_gospel
http://dbpedia.org/resource/WLVF_(AM),http://dbpedia.org/ontology/broadcastStationClass,D
http://dbpedia.org/resource/WLVF_(AM),http://dbpedia.org/ontology/facilityId,36501
http://dbpedia.org/resource/Forth_(1826_ship),http://dbpedia.org/ontology/builder,http://dbpedia.org/resource/Leith
http://dbpedia.org/resource/Forth_(1826_ship),http://dbpedia.org/ontology/shipLaunch,1826-02-25
http://dbpedia.org/resource/Forth_(1826_ship),http://dbpedia.org/ontology/status,Foundered without a trace in 1835
http://dbpedia.org/resource/RaySearch_Laboratories,http://dbpedia.org/ontology/assets,389753.0
http://dbpedia.org/resource/RaySearch_Laboratories,http://dbpedia.org/ontology/assets,484490.0
http://dbpedia.org/resource/RaySearch_Laboratories,http://dbpedia.org/ontology/equity,389753.0
http://dbpedia.org/resource/RaySearch_Laboratories,http://dbpedia.org/ontology/equity,484490.0
http://dbpedia.org/resource/RaySearch_Laboratories,http://dbpedia.org/ontology/foundingYear,2000
http://dbpedia.org/resource/RaySearch_Laboratories,http://dbpedia.org/ontology/industry,http://dbpedia.org/resource/Health_technology
http://dbpedia.org/resource/RaySearch_Laboratories,http://dbpedia.org/ontology/locationCity,http://dbpedia.org/resource/Stockholm
http://dbpedia.org/resource/RaySearch_Laboratories,http://dbpedia.org/ontology/locationCountry,http://dbpedia.org/resource/Sweden
http://dbpedia.org/resource/RaySearch_Laboratories,http://dbpedia.org/ontology/operatingIncome,79360.0
http://dbpedia.org/resource/RaySearch_Laboratories,http://dbpedia.org/ontology/revenue,285217.0
http://dbpedia.org/resource/RaySearch_Laboratories,http://dbpedia.org/ontology/revenue,398600.0
http://dbpedia.org/resource/RaySearch_Laboratories,http://dbpedia.org/ontology/type,http://dbpedia.org/resource/Public_company
http://dbpedia.org/resource/Goibo,http://dbpedia.org/ontology/country,http://dbpedia.org/resource/China
http://dbpedia.org/resource/Goibo,http://dbpedia.org/ontology/originalName,རྒོད་པོ་
http://dbpedia.org/resource/Goibo,http://dbpedia.org/ontology/subdivision,http://dbpedia.org/resource/Tibet_Autonomous_Region
http://dbpedia.org/resource/Goibo,http://dbpedia.org/ontology/synonym,Göpo
http://dbpedia.org/resource/MV_Glenachulish,http://dbpedia.org/ontology/builder,http://dbpedia.org/resource/Ailsa_Shipbuilding_Company
http://dbpedia.org/resource/MV_Glenachulish,http://dbpedia.org/ontology/builder,http://dbpedia.org/resource/Troon
http://dbpedia.org/resource/MV_Glenachulish,http://dbpedia.org/ontology/status,in service
http://dbpedia.org/resource/USS_Sterling,http://dbpedia.org/ontology/MeanOfTransportation/length,86563.2
http://dbpedia.org/resource/USS_Sterling,http://dbpedia.org/ontology/acquirementDate,1898-04-09
http://dbpedia.org/resource/USS_Sterling,http://dbpedia.org/ontology/acquirementDate,1919-09-15
http://dbpedia.org/resource/USS_Sterling,http://dbpedia.org/ontology/commissioningDate,1898-04-16
http://dbpedia.org/resource/USS_Sterling,http://dbpedia.org/ontology/country,http://dbpedia.org/resource/Chile
http://dbpedia.org/resource/USS_Sterling,http://dbpedia.org/ontology/decommissioningDate,1919-07-07
http://dbpedia.org/resource/USS_Sterling,http://dbpedia.org/ontology/length,86.56319999999999
http://dbpedia.org/resource/USS_Sterling,http://dbpedia.org/ontology/shipBeam,11.2776
http://dbpedia.org/resource/USS_Sterling,http://dbpedia.org/ontology/shipDraft,6.7056
http://dbpedia.org/resource/USS_Sterling,http://dbpedia.org/ontology/shipLaunch,1881-08-24
http://dbpedia.org/resource/USS_Sterling,http://dbpedia.org/ontology/status,"Ran aground 5 February 1896, salvaged by Merritt Salvage Company."
http://dbpedia.org/resource/USS_Sterling,http://dbpedia.org/ontology/status,Sold to Chile in 1919
http://dbpedia.org/resource/USS_Sterling,http://dbpedia.org/ontology/status,Sold to the U.S. Navy in April 1898.
http://dbpedia.org/resource/USS_Sterling,http://dbpedia.org/ontology/status,"Sunk due to collision at sea, 11 March 1920"
http://dbpedia.org/resource/USS_Sterling,http://dbpedia.org/ontology/topSpeed,20.372
http://dbpedia.org/resource/USS_Sterling,http://dbpedia.org/ontology/type,http://dbpedia.org/resource/Collier_(ship)
http://dbpedia.org/resource/TV_Festa,http://dbpedia.org/ontology/country,http://dbpedia.org/resource/North_Macedonia
http://dbpedia.org/resource/TV_Festa,http://dbpedia.org/ontology/language,http://dbpedia.org/resource/Albanian_language
http://dbpedia.org/resource/TV_Festa,http://dbpedia.org/ontology/locationCountry,http://dbpedia.org/resource/North_Macedonia
http://dbpedia.org/resource/Associated_Equipment_Company,http://dbpedia.org/ontology/fate,Closed down byBritish Leyland
http://dbpedia.org/resource/Associated_Equipment_Company,http://dbpedia.org/ontology/foundingYear,1912
http://dbpedia.org/resource/Associated_Equipment_Company,http://dbpedia.org/ontology/industry,http://dbpedia.org/resource/Automotive_industry
http://dbpedia.org/resource/Associated_Equipment_Company,http://dbpedia.org/ontology/parentCompany,http://dbpedia.org/resource/British_Leyland
http://dbpedia.org/resource/Jim_Slater_(accountant),http://dbpedia.org/ontology/employer,http://dbpedia.org/resource/Associated_Equipment_Company
http://dbpedia.org/resource/AEC_Regent_II,http://dbpedia.org/ontology/engine,http://dbpedia.org/resource/Associated_Equipment_Company
http://dbpedia.org/resource/AEC_Regent_III,http://dbpedia.org/ontology/engine,http://dbpedia.org/resource/Associated_Equipment_Company
http://dbpedia.org/resource/AEC_Regent_V,http://dbpedia.org/ontology/engine,http://dbpedia.org/resource/Associated_Equipment_Company
http://dbpedia.org/resource/Dennis_Loline,http://dbpedia.org/ontology/engine,http://dbpedia.org/resource/Associated_Equipment_Company
http://dbpedia.org/resource/Daimler_Roadliner,http://dbpedia.org/ontology/engine,http://dbpedia.org/resource/Associated_Equipment_Company
http://dbpedia.org/resource/AEC_Regent_III_RT,http://dbpedia.org/ontology/engine,http://dbpedia.org/resource/Associated_Equipment_Company
http://dbpedia.org/resource/AEC_Swift,http://dbpedia.org/ontology/engine,http://dbpedia.org/resource/Associated_Equipment_Company
http://dbpedia.org/resource/AEC_Regal_VI,http://dbpedia.org/ontology/engine,http://dbpedia.org/resource/Associated_Equipment_Company
http://dbpedia.org/resource/AEC_NS-type,http://dbpedia.org/ontology/manufacturer,http://dbpedia.org/resource/Associated_Equipment_Company
http://dbpedia.org/resource/AEC_Regent_II,http://dbpedia.org/ontology/manufacturer,http://dbpedia.org/resource/Associated_Equipment_Company
http://dbpedia.org/resource/AEC_Regent_III,http://dbpedia.org/ontology/manufacturer,http://dbpedia.org/resource/Associated_Equipment_Company
http://dbpedia.org/resource/AEC_Regent_V,http://dbpedia.org/ontology/manufacturer,http://dbpedia.org/resource/Associated_Equipment_Company
http://dbpedia.org/resource/AEC_Regent_III_RT,http://dbpedia.org/ontology/manufacturer,http://dbpedia.org/resource/Associated_Equipment_Company
http://dbpedia.org/resource/Blue_Angel_(train),http://dbpedia.org/ontology/manufacturer,http://dbpedia.org/resource/Associated_Equipment_Company
http://dbpedia.org/resource/AEC_Bridgemaster,http://dbpedia.org/ontology/manufacturer,http://dbpedia.org/resource/Associated_Equipment_Company
http://dbpedia.org/resource/AEC_Renown,http://dbpedia.org/ontology/manufacturer,http://dbpedia.org/resource/Associated_Equipment_Company
http://dbpedia.org/resource/AEC_Sabre,http://dbpedia.org/ontology/manufacturer,http://dbpedia.org/resource/Associated_Equipment_Company
http://dbpedia.org/resource/Irish_AEC_railcars,http://dbpedia.org/ontology/manufacturer,http://dbpedia.org/resource/Associated_Equipment_Company
http://dbpedia.org/resource/AEC_Regal_IV,http://dbpedia.org/ontology/manufacturer,http://dbpedia.org/resource/Associated_Equipment_Company
http://dbpedia.org/resource/AEC_Reliance,http://dbpedia.org/ontology/manufacturer,http://dbpedia.org/resource/Associated_Equipment_Company
http://dbpedia.org/resource/AEC_Swift,http://dbpedia.org/ontology/manufacturer,http://dbpedia.org/resource/Associated_Equipment_Company
http://dbpedia.org/resource/AEC_Routemaster,http://dbpedia.org/ontology/manufacturer,http://dbpedia.org/resource/Associated_Equipment_Company
http://dbpedia.org/resource/AEC_K-type,http://dbpedia.org/ontology/manufacturer,http://dbpedia.org/resource/Associated_Equipment_Company
http://dbpedia.org/resource/AEC_K-type__AEC_T-type__1,http://dbpedia.org/ontology/manufacturer,http://dbpedia.org/resource/Associated_Equipment_Company
http://dbpedia.org/resource/AEC_Q-type__AEC_Q-type__1,http://dbpedia.org/ontology/manufacturer,http://dbpedia.org/resource/Associated_Equipment_Company
http://dbpedia.org/resource/AEC_Regal_VI,http://dbpedia.org/ontology/manufacturer,http://dbpedia.org/resource/Associated_Equipment_Company
http://dbpedia.org/resource/AEC_Regent_I,http://dbpedia.org/ontology/manufacturer,http://dbpedia.org/resource/Associated_Equipment_Company
http://dbpedia.org/resource/AEC_railmotor,http://dbpedia.org/ontology/manufacturer,http://dbpedia.org/resource/Associated_Equipment_Company
http://dbpedia.org/resource/AEC_661T,http://dbpedia.org/ontology/manufacturer,http://dbpedia.org/resource/Associated_Equipment_Company
http://dbpedia.org/resource/AEC_662T,http://dbpedia.org/ontology/manufacturer,http://dbpedia.org/resource/Associated_Equipment_Company
http://dbpedia.org/resource/AEC_663T,http://dbpedia.org/ontology/manufacturer,http://dbpedia.org/resource/Associated_Equipment_Company
http://dbpedia.org/resource/AEC_664T,http://dbpedia.org/ontology/manufacturer,http://dbpedia.org/resource/Associated_Equipment_Company
http://dbpedia.org/resource/AEC_691T,http://dbpedia.org/ontology/manufacturer,http://dbpedia.org/resource/Associated_Equipment_Company
http://dbpedia.org/resource/AEC_761T,http://dbpedia.org/ontology/manufacturer,http://dbpedia.org/resource/Associated_Equipment_Company
http://dbpedia.org/resource/LGOC_X-type,http://dbpedia.org/ontology/manufacturer,http://dbpedia.org/resource/Associated_Equipment_Company
http://dbpedia.org/resource/British_United_Traction,http://dbpedia.org/ontology/owner,http://dbpedia.org/resource/Associated_Equipment_Company
http://dbpedia.org/resource/British_United_Traction,http://dbpedia.org/ontology/owningCompany,http://dbpedia.org/resource/Associated_Equipment_Company
http://dbpedia.org/resource/Associated_Commercial_Vehicles,http://dbpedia.org/ontology/subsidiary,http://dbpedia.org/resource/Associated_Equipment_Company
http://dbpedia.org/resource/Crossley_Motors,http://dbpedia.org/ontology/successor,http://dbpedia.org/resource/Associated_Equipment_Company
http://dbpedia.org/resource/Spijker_V.2,http://dbpedia.org/ontology/manufacturer,http://dbpedia.org/resource/Spyker
http://dbpedia.org/resource/Spijker_V.2,http://dbpedia.org/ontology/manufacturer,http://dbpedia.org/resource/Arboretum_Trompenburg
http://dbpedia.org/resource/Spijker_V.2,http://dbpedia.org/ontology/numberBuilt,78
http://dbpedia.org/resource/Spijker_V.2,http://dbpedia.org/ontology/origin,http://dbpedia.org/resource/Netherlands
http://dbpedia.org/resource/Spijker_V.2,http://dbpedia.org/ontology/type,http://dbpedia.org/resource/Trainer_aircraft
http://dbpedia.org/resource/Janus_(spacecraft),http://dbpedia.org/ontology/manufacturer,http://dbpedia.org/resource/Lockheed_Martin
http://dbpedia.org/resource/Janus_(spacecraft),http://dbpedia.org/ontology/nextMission,http://dbpedia.org/resource/Lunar_Trailblazer
http://dbpedia.org/resource/Janus_(spacecraft),http://dbpedia.org/ontology/operator,http://dbpedia.org/resource/NASA
http://dbpedia.org/resource/Janus_(spacecraft),http://dbpedia.org/ontology/operator,http://dbpedia.org/resource/University_of_Colorado_Boulder
http://dbpedia.org/resource/Janus_(spacecraft),http://dbpedia.org/ontology/previousMission,http://dbpedia.org/resource/Lunar_Polar_Hydrogen_Mapper
http://dbpedia.org/resource/Lunar_Polar_Hydrogen_Mapper,http://dbpedia.org/ontology/nextMission,http://dbpedia.org/resource/Janus_(spacecraft)
http://dbpedia.org/resource/Lunar_Trailblazer,http://dbpedia.org/ontology/previousMission,http://dbpedia.org/resource/Janus_(spacecraft)
http://dbpedia.org/resource/French_frigate_Primauguet,http://dbpedia.org/ontology/MeanOfTransportation/length,139000.0
http://dbpedia.org/resource/French_frigate_Primauguet,http://dbpedia.org/ontology/commissioningDate,1986-11-05
http://dbpedia.org/resource/French_frigate_Primauguet,http://dbpedia.org/ontology/layingDown,1981-11-17
http://dbpedia.org/resource/French_frigate_Primauguet,http://dbpedia.org/ontology/length,139.0
http://dbpedia.org/resource/French_frigate_Primauguet,http://dbpedia.org/ontology/shipBeam,14.0
http://dbpedia.org/resource/French_frigate_Primauguet,http://dbpedia.org/ontology/shipDisplacement,4580000000.0
http://dbpedia.org/resource/French_frigate_Primauguet,http://dbpedia.org/ontology/shipLaunch,1984-03-17
http://dbpedia.org/resource/French_frigate_Primauguet,http://dbpedia.org/ontology/status,Decommissioned
http://dbpedia.org/resource/French_frigate_Primauguet,http://dbpedia.org/ontology/topSpeed,55.56
http://dbpedia.org/resource/WRBB,http://dbpedia.org/ontology/city,http://dbpedia.org/resource/Boston
http://dbpedia.org/resource/WRBB,http://dbpedia.org/ontology/frequency,104900000.0
http://dbpedia.org/resource/WRBB,http://dbpedia.org/ontology/owner,http://dbpedia.org/resource/Northeastern_University
http://dbpedia.org/resource/WRBB,http://dbpedia.org/ontology/formerCallsign,WNEU (carrier current)
http://dbpedia.org/resource/WRBB,http://dbpedia.org/ontology/programmeFormat,http://dbpedia.org/resource/Campus_radio
http://dbpedia.org/resource/WRBB,http://dbpedia.org/ontology/webcast,http://stream.wrbbradio.org
http://dbpedia.org/resource/WRBB,http://dbpedia.org/ontology/broadcastStationClass,D
http://dbpedia.org/resource/WRBB,http://dbpedia.org/ontology/callsignMeaning,"""Radio Back Bay"""
http://dbpedia.org/resource/WRBB,http://dbpedia.org/ontology/facilityId,49425
http://dbpedia.org/resource/WRBB,http://dbpedia.org/ontology/heightAboveAverageTerrain,27.0
http://dbpedia.org/resource/WRBB,http://dbpedia.org/ontology/alias,WRBB 104.9 FM
http://dbpedia.org/resource/Charlton_(1798_EIC_ship),http://dbpedia.org/ontology/acquirementDate,1809-11-18
http://dbpedia.org/resource/Charlton_(1798_EIC_ship),http://dbpedia.org/ontology/shipLaunch,1798-12-06
http://dbpedia.org/resource/Charlton_(1798_EIC_ship),http://dbpedia.org/ontology/status,Wrecked 1812
http://dbpedia.org/resource/Charlton_(1798_EIC_ship),http://dbpedia.org/ontology/captureDate,1810-12-03
http://dbpedia.org/resource/Centre_d'Instruction_des_Equipages_d'Hélicoptères_341_Colonel_Alexis_Santini,http://dbpedia.org/ontology/country,http://dbpedia.org/resource/France
http://dbpedia.org/resource/Centre_d'Instruction_des_Equipages_d'Hélicoptères_341_Colonel_Alexis_Santini,http://dbpedia.org/ontology/garrison,http://dbpedia.org/resource/Orange-Caritat_Air_Base
http://dbpedia.org/resource/Centre_d'Instruction_des_Equipages_d'Hélicoptères_341_Colonel_Alexis_Santini,http://dbpedia.org/ontology/militaryBranch,http://dbpedia.org/resource/French_Air_and_Space_Force
http://dbpedia.org/resource/Centre_d'Instruction_des_Equipages_d'Hélicoptères_341_Colonel_Alexis_Santini,http://dbpedia.org/ontology/role,Crew Training Center
http://dbpedia.org/resource/Centre_d'Instruction_des_Equipages_d'Hélicoptères_341_Colonel_Alexis_Santini,http://dbpedia.org/ontology/type,http://dbpedia.org/resource/Military_helicopter
http://dbpedia.org/resource/Macchi_M.12,http://dbpedia.org/ontology/designer,http://dbpedia.org/resource/Alessandro_Tonini
http://dbpedia.org/resource/Macchi_M.12,http://dbpedia.org/ontology/manufacturer,http://dbpedia.org/resource/Aermacchi
http://dbpedia.org/resource/Macchi_M.12,http://dbpedia.org/ontology/origin,http://dbpedia.org/resource/Italy
http://dbpedia.org/resource/Pedal_Me,http://dbpedia.org/ontology/foundingYear,2017
http://dbpedia.org/resource/Pedal_Me,http://dbpedia.org/ontology/industry,http://dbpedia.org/resource/Logistics
http://dbpedia.org/resource/Pedal_Me,http://dbpedia.org/ontology/industry,http://dbpedia.org/resource/Cycle_rickshaw
http://dbpedia.org/resource/Pedal_Me,http://dbpedia.org/ontology/keyPerson,http://dbpedia.org/resource/Chief_executive_officer
http://dbpedia.org/resource/Makeblock,http://dbpedia.org/ontology/foundingYear,2012
http://dbpedia.org/resource/Makeblock,http://dbpedia.org/ontology/headquarter,http://dbpedia.org/resource/Shenzhen
http://dbpedia.org/resource/Makeblock,http://dbpedia.org/ontology/industry,http://dbpedia.org/resource/Education
http://dbpedia.org/resource/Makeblock,http://dbpedia.org/ontology/industry,http://dbpedia.org/resource/Robotics
http://dbpedia.org/resource/Makeblock,http://dbpedia.org/ontology/type,http://dbpedia.org/resource/Privately_held_company
http://dbpedia.org/resource/Scratch_(programming_language),http://dbpedia.org/ontology/influenced,http://dbpedia.org/resource/Makeblock
http://dbpedia.org/resource/Oskemen_Hydroelectric_Power_Plant,http://dbpedia.org/ontology/location,http://dbpedia.org/resource/Oskemen
http://dbpedia.org/resource/Oskemen_Hydroelectric_Power_Plant,http://dbpedia.org/ontology/country,http://dbpedia.org/resource/Kazakhstan
http://dbpedia.org/resource/Oskemen_Hydroelectric_Power_Plant,http://dbpedia.org/ontology/openingYear,1952
http://dbpedia.org/resource/Oskemen_Hydroelectric_Power_Plant,http://dbpedia.org/ontology/owner,http://dbpedia.org/resource/Samruk-Kazyna
http://dbpedia.org/resource/Oskemen_Hydroelectric_Power_Plant,http://dbpedia.org/ontology/status,O
http://dbpedia.org/resource/Oskemen_Hydroelectric_Power_Plant,http://dbpedia.org/ontology/installedCapacity,367800000.0
http://dbpedia.org/resource/Queensland_A10_Baldwin_class_locomotive,http://dbpedia.org/ontology/activeYearsEndYear,1879
http://dbpedia.org/resource/Queensland_A10_Baldwin_class_locomotive,http://dbpedia.org/ontology/activeYearsStartYear,1879
http://dbpedia.org/resource/Queensland_A10_Baldwin_class_locomotive,http://dbpedia.org/ontology/builder,http://dbpedia.org/resource/Baldwin_Locomotive_Works
http://dbpedia.org/resource/Queensland_A10_Baldwin_class_locomotive,http://dbpedia.org/ontology/numberBuilt,2
http://dbpedia.org/resource/USS_PCS-1450,http://dbpedia.org/ontology/MeanOfTransportation/length,41452.8
http://dbpedia.org/resource/USS_PCS-1450,http://dbpedia.org/ontology/builder,http://dbpedia.org/resource/Wisconsin
http://dbpedia.org/resource/USS_PCS-1450,http://dbpedia.org/ontology/builder,"http://dbpedia.org/resource/Manitowoc,_Wisconsin"
http://dbpedia.org/resource/USS_PCS-1450,http://dbpedia.org/ontology/builder,http://dbpedia.org/resource/Burger_Boat_Company
http://dbpedia.org/resource/USS_PCS-1450,http://dbpedia.org/ontology/commissioningDate,1944-02-03
http://dbpedia.org/resource/USS_PCS-1450,http://dbpedia.org/ontology/country,http://dbpedia.org/resource/United_States_Navy
http://dbpedia.org/resource/USS_PCS-1450,http://dbpedia.org/ontology/layingDown,1943-02-16
http://dbpedia.org/resource/USS_PCS-1450,http://dbpedia.org/ontology/length,41.4528
http://dbpedia.org/resource/USS_PCS-1450,http://dbpedia.org/ontology/shipBeam,7.3152
http://dbpedia.org/resource/USS_PCS-1450,http://dbpedia.org/ontology/shipDisplacement,320000000.0
http://dbpedia.org/resource/USS_PCS-1450,http://dbpedia.org/ontology/shipDraft,2.4384
http://dbpedia.org/resource/USS_PCS-1450,http://dbpedia.org/ontology/shipLaunch,1943-08-14
http://dbpedia.org/resource/USS_PCS-1450,http://dbpedia.org/ontology/status,Sold 1967
http://dbpedia.org/resource/USS_PCS-1450,http://dbpedia.org/ontology/status,Transferred toU.S. Coast and Geodetic SurveyAugust 1946
http://dbpedia.org/resource/USS_PCS-1450,http://dbpedia.org/ontology/topSpeed,26.1132
http://dbpedia.org/resource/STL-1A,http://dbpedia.org/ontology/origin,http://dbpedia.org/resource/Vietnam
http://dbpedia.org/resource/STL-1A,http://dbpedia.org/ontology/type,http://dbpedia.org/resource/Assault_rifle
http://dbpedia.org/resource/Frank_Strazzeri,http://dbpedia.org/ontology/recordLabel,http://dbpedia.org/resource/Revelation_Records_(jazz)
http://dbpedia.org/resource/Clare_Fischer,http://dbpedia.org/ontology/recordLabel,http://dbpedia.org/resource/Revelation_Records_(jazz)
http://dbpedia.org/resource/Jack_Reilly_(musician),http://dbpedia.org/ontology/recordLabel,http://dbpedia.org/resource/Revelation_Records_(jazz)
http://dbpedia.org/resource/Secret_City_Records,http://dbpedia.org/ontology/location,http://dbpedia.org/resource/Montreal
http://dbpedia.org/resource/Secret_City_Records,http://dbpedia.org/ontology/location,http://dbpedia.org/resource/Quebec
http://dbpedia.org/resource/Secret_City_Records,http://dbpedia.org/ontology/country,http://dbpedia.org/resource/Canada
http://dbpedia.org/resource/Secret_City_Records,http://dbpedia.org/ontology/foundingYear,2006
http://dbpedia.org/resource/Secret_City_Records,http://dbpedia.org/ontology/genre,http://dbpedia.org/resource/Independent_music
http://dbpedia.org/resource/Plants_and_Animals,http://dbpedia.org/ontology/recordLabel,http://dbpedia.org/resource/Secret_City_Records
http://dbpedia.org/resource/Basia_Bulat,http://dbpedia.org/ontology/recordLabel,http://dbpedia.org/resource/Secret_City_Records
http://dbpedia.org/resource/Human_Highway_(band),http://dbpedia.org/ontology/recordLabel,http://dbpedia.org/resource/Secret_City_Records
http://dbpedia.org/resource/Patrick_Watson_(musician),http://dbpedia.org/ontology/recordLabel,http://dbpedia.org/resource/Secret_City_Records
http://dbpedia.org/resource/Patrick_Watson_(musician)__Patrick_Watson_band__1,http://dbpedia.org/ontology/recordLabel,http://dbpedia.org/resource/Secret_City_Records
http://dbpedia.org/resource/Thus_Owls,http://dbpedia.org/ontology/recordLabel,http://dbpedia.org/resource/Secret_City_Records
http://dbpedia.org/resource/Brad_Barr,http://dbpedia.org/ontology/recordLabel,http://dbpedia.org/resource/Secret_City_Records
http://dbpedia.org/resource/Suuns,http://dbpedia.org/ontology/recordLabel,http://dbpedia.org/resource/Secret_City_Records
http://dbpedia.org/resource/Shad_(rapper),http://dbpedia.org/ontology/recordLabel,http://dbpedia.org/resource/Secret_City_Records
http://dbpedia.org/resource/Diamond_Rings_(musician),http://dbpedia.org/ontology/recordLabel,http://dbpedia.org/resource/Secret_City_Records
http://dbpedia.org/resource/Graham_Van_Pelt,http://dbpedia.org/ontology/recordLabel,http://dbpedia.org/resource/Secret_City_Records
http://dbpedia.org/resource/Jeremy_Dutcher,http://dbpedia.org/ontology/recordLabel,http://dbpedia.org/resource/Secret_City_Records
http://dbpedia.org/resource/Leif_Vollebekk,http://dbpedia.org/ontology/recordLabel,http://dbpedia.org/resource/Secret_City_Records
http://dbpedia.org/resource/Land_of_Talk,http://dbpedia.org/ontology/recordLabel,http://dbpedia.org/resource/Secret_City_Records
http://dbpedia.org/resource/Miracle_Fortress,http://dbpedia.org/ontology/recordLabel,http://dbpedia.org/resource/Secret_City_Records
http://dbpedia.org/resource/Emilie_&_Ogden__Emilie_&_Ogden__1,http://dbpedia.org/ontology/recordLabel,http://dbpedia.org/resource/Secret_City_Records
http://dbpedia.org/resource/The_Barr_Brothers,http://dbpedia.org/ontology/recordLabel,http://dbpedia.org/resource/Secret_City_Records
http://dbpedia.org/resource/The_Go!_Team,http://dbpedia.org/ontology/recordLabel,http://dbpedia.org/resource/Secret_City_Records
http://dbpedia.org/resource/French_ship_Bucentaure_(1803),http://dbpedia.org/ontology/MeanOfTransportation/length,51000.0
http://dbpedia.org/resource/French_ship_Bucentaure_(1803),http://dbpedia.org/ontology/builder,http://dbpedia.org/resource/Toulon
http://dbpedia.org/resource/French_ship_Bucentaure_(1803),http://dbpedia.org/ontology/length,51.0
http://dbpedia.org/resource/French_ship_Bucentaure_(1803),http://dbpedia.org/ontology/shipBeam,14.0
http://dbpedia.org/resource/French_ship_Bucentaure_(1803),http://dbpedia.org/ontology/shipLaunch,1803-07-14
http://dbpedia.org/resource/French_ship_Bucentaure_(1803),http://dbpedia.org/ontology/status,Wrecked on 23 October 1805
http://dbpedia.org/resource/French_ship_Bucentaure_(1803),http://dbpedia.org/ontology/captureDate,1805-10-21
http://dbpedia.org/resource/Rotana_Mousica,http://dbpedia.org/ontology/broadcastNetwork,http://dbpedia.org/resource/Rotana_Media_Group
http://dbpedia.org/resource/Rotana_Mousica,http://dbpedia.org/ontology/owningCompany,http://dbpedia.org/resource/Rotana_Media_Group
http://dbpedia.org/resource/IKON_Philippines,http://dbpedia.org/ontology/Work/runtime,60.0
http://dbpedia.org/resource/IKON_Philippines,http://dbpedia.org/ontology/completionDate,2007-08-12
http://dbpedia.org/resource/IKON_Philippines,http://dbpedia.org/ontology/genre,http://dbpedia.org/resource/Reality_television
http://dbpedia.org/resource/IKON_Philippines,http://dbpedia.org/ontology/network,http://dbpedia.org/resource/Radio_Philippines_Network
http://dbpedia.org/resource/IKON_Philippines,http://dbpedia.org/ontology/numberOfEpisodes,9
http://dbpedia.org/resource/IKON_Philippines,http://dbpedia.org/ontology/presenter,http://dbpedia.org/resource/Asia_Agcaoili
http://dbpedia.org/resource/IKON_Philippines,http://dbpedia.org/ontology/releaseDate,2007-06-17
http://dbpedia.org/resource/IKON_Philippines,http://dbpedia.org/ontology/runtime,3600.0
http://dbpedia.org/resource/IKON_Philippines,http://dbpedia.org/ontology/showJudge,http://dbpedia.org/resource/Jose_Mari_Chan
http://dbpedia.org/resource/IKON_Philippines,http://dbpedia.org/ontology/showJudge,http://dbpedia.org/resource/Wally_Gonzalez
http://dbpedia.org/resource/IKON_Philippines,http://dbpedia.org/ontology/showJudge,http://dbpedia.org/resource/Danny_Javier
http://dbpedia.org/resource/Clover_Network,http://dbpedia.org/ontology/foundingYear,2010
http://dbpedia.org/resource/Clover_Network,http://dbpedia.org/ontology/industry,http://dbpedia.org/resource/Point_of_sale
http://dbpedia.org/resource/Clover_Network,http://dbpedia.org/ontology/numberOfEmployees,400
http://dbpedia.org/resource/Clover_Network,http://dbpedia.org/ontology/parentCompany,http://dbpedia.org/resource/Fiserv
http://dbpedia.org/resource/Clover_Network,http://dbpedia.org/ontology/type,http://dbpedia.org/resource/Subsidiary
http://dbpedia.org/resource/Monroe_(automobile),http://dbpedia.org/ontology/fate,Bankrupt
http://dbpedia.org/resource/Monroe_(automobile),http://dbpedia.org/ontology/foundingYear,1914
http://dbpedia.org/resource/Monroe_(automobile),http://dbpedia.org/ontology/headquarter,http://dbpedia.org/resource/Indianapolis
http://dbpedia.org/resource/Monroe_(automobile),http://dbpedia.org/ontology/headquarter,"http://dbpedia.org/resource/Flint,_Michigan"
http://dbpedia.org/resource/Monroe_(automobile),http://dbpedia.org/ontology/headquarter,"http://dbpedia.org/resource/Pontiac,_Michigan"
http://dbpedia.org/resource/Monroe_(automobile),http://dbpedia.org/ontology/industry,http://dbpedia.org/resource/Automotive_industry
http://dbpedia.org/resource/Monroe_(automobile),http://dbpedia.org/ontology/keyPerson,http://dbpedia.org/resource/Louis_Chevrolet
http://dbpedia.org/resource/Monroe_(automobile),http://dbpedia.org/ontology/locationCountry,http://dbpedia.org/resource/United_States
http://dbpedia.org/resource/Monroe_(automobile),http://dbpedia.org/ontology/product,http://dbpedia.org/resource/Car
http://dbpedia.org/resource/Monroe_(automobile),http://dbpedia.org/ontology/production,14344
http://dbpedia.org/resource/Monroe_(automobile),http://dbpedia.org/ontology/successor,http://dbpedia.org/resource/Premier_Motor_Manufacturing_Company
http://dbpedia.org/resource/BMW_Z8,http://dbpedia.org/ontology/Automobile/wheelbase,2504.44
http://dbpedia.org/resource/BMW_Z8,http://dbpedia.org/ontology/MeanOfTransportation/height,1318.26
http://dbpedia.org/resource/BMW_Z8,http://dbpedia.org/ontology/MeanOfTransportation/length,4399.28
http://dbpedia.org/resource/BMW_Z8,http://dbpedia.org/ontology/MeanOfTransportation/weight,1584.8784
http://dbpedia.org/resource/BMW_Z8,http://dbpedia.org/ontology/MeanOfTransportation/width,1828.8
http://dbpedia.org/resource/BMW_Z8,http://dbpedia.org/ontology/assembly,http://dbpedia.org/resource/Munich
http://dbpedia.org/resource/BMW_Z8,http://dbpedia.org/ontology/bodyStyle,http://dbpedia.org/resource/Roadster_(car)
http://dbpedia.org/resource/BMW_Z8,http://dbpedia.org/ontology/class,http://dbpedia.org/resource/Sports_car
http://dbpedia.org/resource/BMW_Z8,http://dbpedia.org/ontology/designCompany,http://dbpedia.org/resource/Henrik_Fisker
http://dbpedia.org/resource/BMW_Z8,http://dbpedia.org/ontology/designer,http://dbpedia.org/resource/Henrik_Fisker
http://dbpedia.org/resource/BMW_Z8,http://dbpedia.org/ontology/engine,http://dbpedia.org/resource/BMW_M62
http://dbpedia.org/resource/BMW_Z8,http://dbpedia.org/ontology/engine,http://dbpedia.org/resource/BMW_S62
http://dbpedia.org/resource/BMW_Z8,http://dbpedia.org/ontology/engine,http://dbpedia.org/resource/BMW_Z8__AutomobileEngine__1
http://dbpedia.org/resource/BMW_Z8,http://dbpedia.org/ontology/height,1.31826
http://dbpedia.org/resource/BMW_Z8,http://dbpedia.org/ontology/layout,http://dbpedia.org/resource/Rear-wheel_drive
http://dbpedia.org/resource/BMW_Z8,http://dbpedia.org/ontology/length,4.39928
http://dbpedia.org/resource/BMW_Z8,http://dbpedia.org/ontology/modelEndYear,2003
http://dbpedia.org/resource/BMW_Z8,http://dbpedia.org/ontology/modelStartYear,1999
http://dbpedia.org/resource/BMW_Z8,http://dbpedia.org/ontology/productionEndYear,2003
http://dbpedia.org/resource/BMW_Z8,http://dbpedia.org/ontology/productionStartYear,1998
http://dbpedia.org/resource/BMW_Z8,http://dbpedia.org/ontology/transmission,6-speedmanual
http://dbpedia.org/resource/BMW_Z8,http://dbpedia.org/ontology/transmission,5-speedautomatic(Alpina version)
http://dbpedia.org/resource/BMW_Z8,http://dbpedia.org/ontology/weight,1584878.4
http://dbpedia.org/resource/BMW_Z8,http://dbpedia.org/ontology/wheelbase,2.50444
http://dbpedia.org/resource/BMW_Z8,http://dbpedia.org/ontology/width,1.8288
http://dbpedia.org/resource/Ascari_KZ1,http://dbpedia.org/ontology/relatedMeanOfTransportation,http://dbpedia.org/resource/BMW_Z8
http://dbpedia.org/resource/Bertone_Birusa,http://dbpedia.org/ontology/relatedMeanOfTransportation,http://dbpedia.org/resource/BMW_Z8
http://dbpedia.org/resource/UZ_Class_675,http://dbpedia.org/ontology/capacity,623
http://dbpedia.org/resource/UZ_Class_675,http://dbpedia.org/ontology/manufacturer,http://dbpedia.org/resource/Škoda_Transportation
http://dbpedia.org/resource/UZ_Class_675,http://dbpedia.org/ontology/numberBuilt,2
http://dbpedia.org/resource/UZ_Class_675,http://dbpedia.org/ontology/operator,http://dbpedia.org/resource/Lithuanian_Railways
http://dbpedia.org/resource/UZ_Class_675,http://dbpedia.org/ontology/operator,http://dbpedia.org/resource/Ukrainian_Railways
http://dbpedia.org/resource/UZ_Class_675,http://dbpedia.org/ontology/yearOfConstruction,2011
http://dbpedia.org/resource/SK_Planet,http://dbpedia.org/ontology/location,http://dbpedia.org/resource/South_Korea
http://dbpedia.org/resource/SK_Planet,http://dbpedia.org/ontology/location,http://dbpedia.org/resource/Gyeonggi_Province
http://dbpedia.org/resource/SK_Planet,http://dbpedia.org/ontology/location,"http://dbpedia.org/resource/Pangyo,_Seongnam"
http://dbpedia.org/resource/SK_Planet,http://dbpedia.org/ontology/foundingDate,2011-10-01
http://dbpedia.org/resource/SK_Planet,http://dbpedia.org/ontology/foundingYear,2011
http://dbpedia.org/resource/SK_Planet,http://dbpedia.org/ontology/industry,http://dbpedia.org/resource/E-commerce
http://dbpedia.org/resource/SK_Planet,http://dbpedia.org/ontology/keyPerson,http://dbpedia.org/resource/SungWon_Suh
http://dbpedia.org/resource/SK_Planet,http://dbpedia.org/ontology/numberOfEmployees,2283
http://dbpedia.org/resource/SK_Planet,http://dbpedia.org/ontology/parentCompany,http://dbpedia.org/resource/SK_Telecom
http://dbpedia.org/resource/SK_Planet,http://dbpedia.org/ontology/product,http://dbpedia.org/resource/E-commerce
http://dbpedia.org/resource/SK_Planet,http://dbpedia.org/ontology/product,http://dbpedia.org/resource/Digital_marketing
http://dbpedia.org/resource/SK_Planet,http://dbpedia.org/ontology/product,http://dbpedia.org/resource/Shopkick
http://dbpedia.org/resource/SK_Planet,http://dbpedia.org/ontology/product,http://dbpedia.org/resource/Mobile_commerce
http://dbpedia.org/resource/SK_Planet,http://dbpedia.org/ontology/product,http://dbpedia.org/resource/11st.co.kr
http://dbpedia.org/resource/SK_Planet,http://dbpedia.org/ontology/product,http://dbpedia.org/resource/OK_Cashbag
http://dbpedia.org/resource/SK_Planet,http://dbpedia.org/ontology/product,http://dbpedia.org/resource/Online_to_offline
http://dbpedia.org/resource/SK_Planet,http://dbpedia.org/ontology/type,http://dbpedia.org/resource/Privately_held_company
http://dbpedia.org/resource/My_Way_(2011_film),http://dbpedia.org/ontology/productionCompany,http://dbpedia.org/resource/SK_Planet
http://dbpedia.org/resource/CalAmp,http://dbpedia.org/ontology/foundingYear,1981
http://dbpedia.org/resource/CalAmp,http://dbpedia.org/ontology/keyPerson,http://dbpedia.org/resource/Chief_executive_officer
http://dbpedia.org/resource/CalAmp,http://dbpedia.org/ontology/numberOfEmployees,1080
http://dbpedia.org/resource/CalAmp,http://dbpedia.org/ontology/type,http://dbpedia.org/resource/Privately_held_company
http://dbpedia.org/resource/Alvis_Speed_25__AutomobileEngine__1,http://dbpedia.org/ontology/Automobile/wheelbase,1422.4
http://dbpedia.org/resource/Alvis_Speed_25__AutomobileEngine__1,http://dbpedia.org/ontology/MeanOfTransportation/length,4851.4
http://dbpedia.org/resource/Alvis_Speed_25__AutomobileEngine__1,http://dbpedia.org/ontology/MeanOfTransportation/weight,1879.7184
http://dbpedia.org/resource/Alvis_Speed_25__AutomobileEngine__1,http://dbpedia.org/ontology/MeanOfTransportation/width,1778.0
http://dbpedia.org/resource/Alvis_Speed_25__AutomobileEngine__1,http://dbpedia.org/ontology/class,http://dbpedia.org/resource/Full-size_car
http://dbpedia.org/resource/Alvis_Speed_25__AutomobileEngine__1,http://dbpedia.org/ontology/engine,http://dbpedia.org/resource/Straight-six_engine
http://dbpedia.org/resource/Alvis_Speed_25__AutomobileEngine__1,http://dbpedia.org/ontology/length,4.8514
http://dbpedia.org/resource/Alvis_Speed_25__AutomobileEngine__1,http://dbpedia.org/ontology/manufacturer,http://dbpedia.org/resource/Alvis_Car_and_Engineering_Company
http://dbpedia.org/resource/Alvis_Speed_25__AutomobileEngine__1,http://dbpedia.org/ontology/modelEndYear,1940
http://dbpedia.org/resource/Alvis_Speed_25__AutomobileEngine__1,http://dbpedia.org/ontology/modelStartYear,1937
http://dbpedia.org/resource/Alvis_Speed_25__AutomobileEngine__1,http://dbpedia.org/ontology/productionEndYear,0198
http://dbpedia.org/resource/Alvis_Speed_25__AutomobileEngine__1,http://dbpedia.org/ontology/productionStartYear,0198
http://dbpedia.org/resource/Alvis_Speed_25__AutomobileEngine__1,http://dbpedia.org/ontology/transmission,"with metal joints (arranged in a straight line), spiral bevel fully floating back axle"
http://dbpedia.org/resource/Alvis_Speed_25__AutomobileEngine__1,http://dbpedia.org/ontology/transmission,"single plate clutch, separate 4-speed gearbox all-silent and all-synchromesh, centre change lever, open tubular propeller shaft"
http://dbpedia.org/resource/Alvis_Speed_25__AutomobileEngine__1,http://dbpedia.org/ontology/weight,1879718.4
http://dbpedia.org/resource/Alvis_Speed_25__AutomobileEngine__1,http://dbpedia.org/ontology/wheelbase,1.4224
http://dbpedia.org/resource/Alvis_Speed_25__AutomobileEngine__1,http://dbpedia.org/ontology/width,1.778
http://dbpedia.org/resource/Alvis_Speed_20,http://dbpedia.org/ontology/successor,http://dbpedia.org/resource/Alvis_Speed_25__AutomobileEngine__1
"http://dbpedia.org/resource/Alvis_Speed_25__3,5-litre__1",http://dbpedia.org/ontology/variantOf,http://dbpedia.org/resource/Alvis_Speed_25__AutomobileEngine__1
http://dbpedia.org/resource/BMW_Z8__AutomobileEngine__1,http://dbpedia.org/ontology/Automobile/wheelbase,2504.44
http://dbpedia.org/resource/BMW_Z8__AutomobileEngine__1,http://dbpedia.org/ontology/MeanOfTransportation/height,1318.26
http://dbpedia.org/resource/BMW_Z8__AutomobileEngine__1,http://dbpedia.org/ontology/MeanOfTransportation/length,4399.28
http://dbpedia.org/resource/BMW_Z8__AutomobileEngine__1,http://dbpedia.org/ontology/MeanOfTransportation/weight,1584.8784
http://dbpedia.org/resource/BMW_Z8__AutomobileEngine__1,http://dbpedia.org/ontology/MeanOfTransportation/width,1828.8
http://dbpedia.org/resource/BMW_Z8__AutomobileEngine__1,http://dbpedia.org/ontology/assembly,http://dbpedia.org/resource/Munich
http://dbpedia.org/resource/BMW_Z8__AutomobileEngine__1,http://dbpedia.org/ontology/bodyStyle,http://dbpedia.org/resource/Roadster_(car)
http://dbpedia.org/resource/BMW_Z8__AutomobileEngine__1,http://dbpedia.org/ontology/class,http://dbpedia.org/resource/Sports_car
http://dbpedia.org/resource/BMW_Z8__AutomobileEngine__1,http://dbpedia.org/ontology/designCompany,http://dbpedia.org/resource/Henrik_Fisker
http://dbpedia.org/resource/BMW_Z8__AutomobileEngine__1,http://dbpedia.org/ontology/designer,http://dbpedia.org/resource/Henrik_Fisker
http://dbpedia.org/resource/BMW_Z8__AutomobileEngine__1,http://dbpedia.org/ontology/engine,http://dbpedia.org/resource/BMW_M62
http://dbpedia.org/resource/BMW_Z8__AutomobileEngine__1,http://dbpedia.org/ontology/engine,http://dbpedia.org/resource/BMW_S62
http://dbpedia.org/resource/BMW_Z8__AutomobileEngine__1,http://dbpedia.org/ontology/height,1.31826
http://dbpedia.org/resource/BMW_Z8__AutomobileEngine__1,http://dbpedia.org/ontology/layout,http://dbpedia.org/resource/Rear-wheel_drive
http://dbpedia.org/resource/BMW_Z8__AutomobileEngine__1,http://dbpedia.org/ontology/length,4.39928
http://dbpedia.org/resource/BMW_Z8__AutomobileEngine__1,http://dbpedia.org/ontology/modelEndYear,2003
http://dbpedia.org/resource/BMW_Z8__AutomobileEngine__1,http://dbpedia.org/ontology/modelStartYear,1999
http://dbpedia.org/resource/BMW_Z8__AutomobileEngine__1,http://dbpedia.org/ontology/productionEndYear,2003
http://dbpedia.org/resource/BMW_Z8__AutomobileEngine__1,http://dbpedia.org/ontology/productionStartYear,1998
http://dbpedia.org/resource/BMW_Z8__AutomobileEngine__1,http://dbpedia.org/ontology/transmission,6-speedmanual
http://dbpedia.org/resource/BMW_Z8__AutomobileEngine__1,http://dbpedia.org/ontology/transmission,5-speedautomatic(Alpina version)
http://dbpedia.org/resource/BMW_Z8__AutomobileEngine__1,http://dbpedia.org/ontology/weight,1584878.4
http://dbpedia.org/resource/BMW_Z8__AutomobileEngine__1,http://dbpedia.org/ontology/wheelbase,2.50444
http://dbpedia.org/resource/BMW_Z8__AutomobileEngine__1,http://dbpedia.org/ontology/width,1.8288
http://dbpedia.org/resource/Ascari_KZ1,http://dbpedia.org/ontology/relatedMeanOfTransportation,http://dbpedia.org/resource/BMW_Z8__AutomobileEngine__1
http://dbpedia.org/resource/Bertone_Birusa,http://dbpedia.org/ontology/relatedMeanOfTransportation,http://dbpedia.org/resource/BMW_Z8__AutomobileEngine__1
